Neighborhood,Name,Height (m),Crown Width (m),Canopy Cover (m2),Crown Height (m),Oxygen Production (kg/yr),Count
S.GIUSEPPE-S.CHIARA,Other,16,14,153.9,4.8,48.5,2
CENTRO STORICO PIEDICASTELLO,Celtis australis,16,12,113.1,4.8,5.4,1
S.GIUSEPPE-S.CHIARA,Other,6,4,12.6,1.8,8.699999999999999,1
OLTREFERSINA,Other,5,4,12.6,1.5,4.1,1
OLTREFERSINA,Other,1.3,1.7,2.1,0.4,5.1,1
OLTREFERSINA,Celtis australis,10,8,50.3,3,4.9,1
S.GIUSEPPE-S.CHIARA,Other,10.4,6,28.2,3.1,7,1
GARDOLO,Other,4,3,7.1,1.2,3.6,2
OLTREFERSINA,Other,5.5,4,12.6,1.7,7.7,1
S.GIUSEPPE-S.CHIARA,Other,12,8,50.3,3.6,27.9,1
S.GIUSEPPE-S.CHIARA,Celtis australis,10,6,28.3,3,4.8,2
S.GIUSEPPE-S.CHIARA,Aesculus hippocastanum,12,8,50.3,3.6,26.1,3
S.GIUSEPPE-S.CHIARA,Other,4.5,2,3.1,1.3,2.2,1
ARGENTARIO,Other,4,2,3.1,1.2,19.3,1
S.GIUSEPPE-S.CHIARA,Other,4.5,2,3.1,1.3,0.5,1
RAVINA-ROMAGNANO,Celtis australis,5,4,12.6,1.5,2.6,1
ARGENTARIO,Other,7,4,12.6,2.1,8.4,4
CENTRO STORICO PIEDICASTELLO,Other,10,10,78.5,3,0.8,1
S.GIUSEPPE-S.CHIARA,Other,4,1.5,1.8,1.2,3.2,1
CENTRO STORICO PIEDICASTELLO,Other,8,5,19.6,2.4,12.6,1
S.GIUSEPPE-S.CHIARA,Other,11,6,28.3,3.3,15.1,1
VILLAZZANO,Other,10,5,19.6,3,16.8,2
GARDOLO,Tilia cordata,7,5,19.6,2.1,13,2
OLTREFERSINA,Other,4,3.5,9.6,1.2,4.4,1
OLTREFERSINA,Other,14,8,50.3,4.2,35.5,1
GARDOLO,Other,4,2,3.1,1.2,13,2
CENTRO STORICO PIEDICASTELLO,Other,2,1.5,1.8,0.6,5.6,1
MATTARELLO,Other,5,2,3.1,1.5,4.3,1
S.GIUSEPPE-S.CHIARA,Other,4,2.5,4.9,1.2,11.6,2
CENTRO STORICO PIEDICASTELLO,Other,17,11,95,5.1,107.1,1
CENTRO STORICO PIEDICASTELLO,Other,11,12,113.1,3.3,43.4,1
S.GIUSEPPE-S.CHIARA,Other,10,3,7.1,3,36.6,1
OLTREFERSINA,Tilia cordata,13,10,78.5,3.9,16,1
CENTRO STORICO PIEDICASTELLO,Other,12,10,78.5,3.6,50.1,1
CENTRO STORICO PIEDICASTELLO,Other,10,1.5,1.8,3,5.1,1
OLTREFERSINA,Other,4,3,7.1,1.2,5.1,3
MATTARELLO,Other,5,5,19.6,1.5,18.2,2
S.GIUSEPPE-S.CHIARA,Other,5,2,3.1,1.5,3.3,2
VILLAZZANO,Other,14,5,19.6,4.2,0.7,1
OLTREFERSINA,Other,8,3.5,9.6,2.4,6.3,1
ARGENTARIO,Celtis australis,10,8,50.3,3,3.4,1
S.GIUSEPPE-S.CHIARA,Other,6,5,19.6,1.8,57.7,1
ARGENTARIO,Carpinus betulus,3,1,0.8,0.9,4.5,3
S.GIUSEPPE-S.CHIARA,Other,5,2,3.1,1.5,3.2,2
CENTRO STORICO PIEDICASTELLO,Platanus x hispanica,6,4,12.6,1.8,10.9,1
S.GIUSEPPE-S.CHIARA,Other,18,6,28.3,5.4,21.4,8
OLTREFERSINA,Celtis australis,12,12,113.1,3.6,4.7,1
RAVINA-ROMAGNANO,Other,14,5,19.6,4.2,20,1
CENTRO STORICO PIEDICASTELLO,Other,6,6,28.3,1.8,6.4,3
VILLAZZANO,Tilia cordata,4.5,3,7.1,1.3,2.2,3
OLTREFERSINA,Other,5,4,12.6,1.5,8.1,1
GARDOLO,Other,6.5,6,28.3,1.9,12.7,1
CENTRO STORICO PIEDICASTELLO,Carpinus betulus,4,3,7.1,1.2,8.6,1
CENTRO STORICO PIEDICASTELLO,Celtis australis,6,9,63.6,1.8,3.4,1
S.GIUSEPPE-S.CHIARA,Other,12,8,50.3,3.6,19.3,1
CENTRO STORICO PIEDICASTELLO,Other,8,3,7.1,2.4,4.5,1
CENTRO STORICO PIEDICASTELLO,Celtis australis,25,4,12.6,7.5,3.9,1
S.GIUSEPPE-S.CHIARA,Other,5,2,3.1,1.5,2.2,1
VILLAZZANO,Other,5,2,3.1,1.5,15.6,1
MEANO,Other,6,6,28.3,1.8,7.1,2
CENTRO STORICO PIEDICASTELLO,Other,10,6,28.3,3,60,1
CENTRO STORICO PIEDICASTELLO,Other,8,4,12.6,2.4,8.6,1
S.GIUSEPPE-S.CHIARA,Other,10,7,38.5,3,9.199999999999999,2
GARDOLO,Other,2,2,3.1,0.6,1,1
OLTREFERSINA,Other,8,5,19.6,2.4,8.1,1
OLTREFERSINA,Other,8,4,12.6,2.4,7.1,1
CENTRO STORICO PIEDICASTELLO,Other,11,12,113.1,3.3,10,1
ARGENTARIO,Celtis australis,5,7,38.5,1.5,3,1
CENTRO STORICO PIEDICASTELLO,Other,6.5,7,38.5,1.9,4.8,1
S.GIUSEPPE-S.CHIARA,Other,7,6,28.3,2.1,7.7,1
OLTREFERSINA,Other,2,1,0.8,0.6,2.6,2
CENTRO STORICO PIEDICASTELLO,Other,11,8,50.3,3.3,18,1
OLTREFERSINA,Other,5,4,12.6,1.5,8.6,2
MATTARELLO,Other,5,3,7.1,1.5,16.8,1
OLTREFERSINA,Other,10,7,38.5,3,7.4,1
S.GIUSEPPE-S.CHIARA,Aesculus hippocastanum,3.5,2.5,4.9,1,3.8,1
S.GIUSEPPE-S.CHIARA,Other,12,6,28.3,3.6,12,1
S.GIUSEPPE-S.CHIARA,Other,4,2,3.1,1.2,4.6,3
S.GIUSEPPE-S.CHIARA,Other,11,8,50.3,3.3,11.9,1
OLTREFERSINA,Other,8,6,28.3,2.4,13.6,1
GARDOLO,Other,11,5,19.6,3.3,11.3,3
CENTRO STORICO PIEDICASTELLO,Other,10,15,176.7,3,17.6,1
S.GIUSEPPE-S.CHIARA,Aesculus hippocastanum,12,9,63.6,3.6,72.5,1
S.GIUSEPPE-S.CHIARA,Other,8,3,7.1,2.4,11.8,1
OLTREFERSINA,Other,10,6,28.3,3,17.4,1
S.GIUSEPPE-S.CHIARA,Other,9,8,50.3,2.7,24,1
RAVINA-ROMAGNANO,Other,5,5,19.6,1.5,17.9,1
S.GIUSEPPE-S.CHIARA,Aesculus hippocastanum,5.6,2.5,4.9,1.7,5,1
GARDOLO,Other,5,4,12.6,1.5,10.2,1
CENTRO STORICO PIEDICASTELLO,Other,10,3,7.1,3,9.800000000000001,1
GARDOLO,Other,3,2,3.1,0.9,2.2,1
OLTREFERSINA,Other,12,3,7.1,3.6,25.5,1
OLTREFERSINA,Other,13,10,78.5,3.9,21.3,1
CENTRO STORICO PIEDICASTELLO,Other,8,5.3,21.7,2.4,21.5,1
CENTRO STORICO PIEDICASTELLO,Other,15,14,153.9,4.5,24.5,1
S.GIUSEPPE-S.CHIARA,Other,15,6,28.3,4.5,19.7,1
VILLAZZANO,Other,5,2.5,4.9,1.5,3.9,3
CENTRO STORICO PIEDICASTELLO,Other,7,6,28.3,2.1,27.1,1
GARDOLO,Other,5,2,3.1,1.5,3.5,2
BONDONE,Other,7,4,12.6,2.1,8.9,1
CENTRO STORICO PIEDICASTELLO,Other,9,4,12.6,2.7,24.6,1
MATTARELLO,Other,6,3,7.1,1.8,23.4,1
CENTRO STORICO PIEDICASTELLO,Other,3.5,1,0.8,1,1.3,2
S.GIUSEPPE-S.CHIARA,Other,5,3,7.1,1.5,5.8,2
ARGENTARIO,Other,10,5,19.6,3,23.8,1
OLTREFERSINA,Other,6,4,12.6,1.8,18.7,1
OLTREFERSINA,Platanus x hispanica,21,11,95,6.3,94.3,1
S.GIUSEPPE-S.CHIARA,Aesculus hippocastanum,10,4,12.6,3,26.7,1
S.GIUSEPPE-S.CHIARA,Platanus x hispanica,12,14,153.9,3.6,68.40000000000001,1
S.GIUSEPPE-S.CHIARA,Other,5,4,12.6,1.5,16.7,1
MEANO,Other,4,1,0.8,1.2,3.9,1
OLTREFERSINA,Other,5.5,4,12.6,1.7,8.5,1
S.GIUSEPPE-S.CHIARA,Aesculus hippocastanum,11,12,113.1,3.3,47.1,1
S.GIUSEPPE-S.CHIARA,Other,15,7,38.5,4.5,16.2,1
GARDOLO,Other,6,3,7.1,1.8,5.8,2
GARDOLO,Celtis australis,6,6,28.3,1.8,2.5,2
OLTREFERSINA,Other,4,2.5,4.9,1.2,3.8,1
OLTREFERSINA,Other,8,3,7.1,2.4,6.1,1
VILLAZZANO,Other,6,3.5,9.6,1.8,5,1
CENTRO STORICO PIEDICASTELLO,Aesculus hippocastanum,12,10,78.5,3.6,42.7,1
CENTRO STORICO PIEDICASTELLO,Other,10.3,6.6,34.3,3.1,17.1,1
VILLAZZANO,Other,10,4,12.6,3,13.6,1
CENTRO STORICO PIEDICASTELLO,Platanus x hispanica,24,18,254.5,7.2,14.6,1
GARDOLO,Other,6,8,50.3,1.8,36.7,2
OLTREFERSINA,Other,6,4,12.6,1.8,16,1
OLTREFERSINA,Tilia cordata,9,6,28.3,2.7,14.2,1
ARGENTARIO,Other,4,2,3.1,1.2,6.7,4
CENTRO STORICO PIEDICASTELLO,Other,4,4,12.6,1.2,12.4,1
OLTREFERSINA,Other,4.5,4,12.6,1.3,5.3,1
CENTRO STORICO PIEDICASTELLO,Other,5,4,12.6,1.5,2,3
OLTREFERSINA,Other,10,9,63.6,3,21.1,1
OLTREFERSINA,Other,6.9,4.3,14.6,2.1,8.699999999999999,1
CENTRO STORICO PIEDICASTELLO,Other,19,12,113.1,5.7,77.2,1
CENTRO STORICO PIEDICASTELLO,Other,4.5,3.3,8.5,1.3,8.800000000000001,2
OLTREFERSINA,Carpinus betulus,12,7,38.5,3.6,16.2,1
CENTRO STORICO PIEDICASTELLO,Other,7,9,63.6,2.1,7.4,1
VILLAZZANO,Other,4,3,7.1,1.2,3.9,1
GARDOLO,Other,13,5,19.6,3.9,27.1,1
GARDOLO,Other,11,4,12.6,3.3,11.3,1
RAVINA-ROMAGNANO,Other,13,14,153.9,3.9,19,1
OLTREFERSINA,Other,13,11,95,3.9,52,1
BONDONE,Other,7,6,28.3,2.1,22.2,3
ARGENTARIO,Other,16,8,50.3,4.8,15.1,1
SARDAGNA,Other,5,2.5,4.9,1.5,5.2,1
GARDOLO,Other,10,4,12.6,3,7.4,1
GARDOLO,Other,11,7,38.5,3.3,37.5,1
GARDOLO,Celtis australis,6,8,50.3,1.8,4.4,2
BONDONE,Other,16,6,28.3,4.8,16.3,3
CENTRO STORICO PIEDICASTELLO,Other,20,10,78.5,6,23.1,1
CENTRO STORICO PIEDICASTELLO,Other,5,3,7.1,1.5,2.8,1
SARDAGNA,Other,6,5,19.6,1.8,5,2
CENTRO STORICO PIEDICASTELLO,Other,12,5,19.6,3.6,18.2,1
S.GIUSEPPE-S.CHIARA,Other,6,6,28.3,1.8,17.3,1
S.GIUSEPPE-S.CHIARA,Platanus x hispanica,22,18,254.5,6.6,1.8,1
OLTREFERSINA,Celtis australis,5,5,19.6,1.5,2.3,2
S.GIUSEPPE-S.CHIARA,Other,4,2,3.1,1.2,4.8,1
OLTREFERSINA,Other,6.5,4.6,16.4,1.9,17.8,4
CENTRO STORICO PIEDICASTELLO,Tilia cordata,21,8,50.3,6.3,33.2,1
CENTRO STORICO PIEDICASTELLO,Other,8,8,50.3,2.4,47.3,1
CENTRO STORICO PIEDICASTELLO,Other,4,5,19.6,1.2,2.8,1
S.GIUSEPPE-S.CHIARA,Other,6,5,19.6,1.8,21.1,1
OLTREFERSINA,Carpinus betulus,3.5,1,0.8,1,3.5,1
GARDOLO,Other,3.5,1.5,1.8,1,1.9,3
GARDOLO,Celtis australis,6,4,12.6,1.8,2.8,1
OLTREFERSINA,Other,13,11,95,3.9,50.4,1
S.GIUSEPPE-S.CHIARA,Other,11,7,38.5,3.3,15.1,1
RAVINA-ROMAGNANO,Other,4,2,3.1,1.2,13,1
ARGENTARIO,Other,4,3,7.1,1.2,10.6,2
OLTREFERSINA,Other,21,14,153.9,6.3,48.8,1
OLTREFERSINA,Other,17,9,63.6,5.1,73.09999999999999,1
GARDOLO,Tilia cordata,3,1,0.8,0.9,2.6,1
OLTREFERSINA,Other,5,2.5,4.9,1.5,5.2,1
OLTREFERSINA,Other,10,3,7.1,3,11.9,1
S.GIUSEPPE-S.CHIARA,Other,8,8,50.3,2.4,11.9,1
OLTREFERSINA,Other,3.5,2.5,4.9,1,4,1
GARDOLO,Platanus x hispanica,7,6,28.3,2.1,10.9,1
CENTRO STORICO PIEDICASTELLO,Other,9,8,50.3,2.7,17.4,1
VILLAZZANO,Other,5,3,7.1,1.5,4.3,4
S.GIUSEPPE-S.CHIARA,Other,12,5,19.6,3.6,18.3,1
OLTREFERSINA,Other,14,4,12.6,4.2,9.5,1
OLTREFERSINA,Other,6,5,19.6,1.8,13.3,2
ARGENTARIO,Platanus x hispanica,8,7,38.5,2.4,9.4,1
S.GIUSEPPE-S.CHIARA,Tilia cordata,6,3,7.1,1.8,4.2,1
OLTREFERSINA,Other,6,5,19.6,1.8,9.699999999999999,1
GARDOLO,Platanus x hispanica,6,2.5,4.9,1.8,4.1,4
MEANO,Celtis australis,4,2,3.1,1.2,2.1,1
OLTREFERSINA,Other,22,10,78.5,6.6,58.3,1
OLTREFERSINA,Other,6,6,28.3,1.8,12.8,1
CENTRO STORICO PIEDICASTELLO,Other,8,6,28.3,2.4,14,1
CENTRO STORICO PIEDICASTELLO,Other,5,3,7.1,1.5,7.5,1
GARDOLO,Other,6,8,50.3,1.8,15.5,1
CENTRO STORICO PIEDICASTELLO,Other,16,12,113.1,4.8,16.3,1
RAVINA-ROMAGNANO,Other,4,1,0.8,1.2,5.1,2
OLTREFERSINA,Other,12,6,28.3,3.6,37.8,1
CENTRO STORICO PIEDICASTELLO,Other,16,5,19.6,4.8,10.5,1
VILLAZZANO,Other,20,4,12.6,6,24.2,1
OLTREFERSINA,Other,20,12,113.1,6,68.40000000000001,5
CENTRO STORICO PIEDICASTELLO,Other,5.5,3,7.1,1.7,7.1,1
S.GIUSEPPE-S.CHIARA,Aesculus hippocastanum,10,12,113.1,3,46.9,1
OLTREFERSINA,Other,12,10,78.5,3.6,33.8,3
ARGENTARIO,Other,11,4,12.6,3.3,19.2,1
S.GIUSEPPE-S.CHIARA,Other,10,3,7.1,3,8.9,1
ARGENTARIO,Other,15,5,19.6,4.5,20.8,1
RAVINA-ROMAGNANO,Other,4,3,7.1,1.2,13.3,14
CENTRO STORICO PIEDICASTELLO,Other,2,3,7.1,0.6,2.5,1
S.GIUSEPPE-S.CHIARA,Other,4,1.5,1.8,1.2,1.7,8
CENTRO STORICO PIEDICASTELLO,Other,11,5,19.6,3.3,7.4,1
GARDOLO,Other,6,5,19.6,1.8,5.1,4
OLTREFERSINA,Other,7,6,28.3,2.1,11.5,1
S.GIUSEPPE-S.CHIARA,Other,12,8,50.3,3.6,22.4,1
VILLAZZANO,Other,8,3,7.1,2.4,3.9,2
GARDOLO,Other,4,3,7.1,1.2,7.5,3
S.GIUSEPPE-S.CHIARA,Other,4,2.5,4.9,1.2,8.1,2
CENTRO STORICO PIEDICASTELLO,Other,9,7,38.5,2.7,10,1
S.GIUSEPPE-S.CHIARA,Other,15,8,50.3,4.5,88.2,1
CENTRO STORICO PIEDICASTELLO,Other,8,5,19.6,2.4,12.9,1
S.GIUSEPPE-S.CHIARA,Aesculus hippocastanum,3.5,3.5,9.6,1,5.4,1
POVO,Aesculus hippocastanum,10,4,12.6,3,46.9,3
SARDAGNA,Other,3.5,1.5,1.8,1,2.8,1
S.GIUSEPPE-S.CHIARA,Other,6,4,12.6,1.8,4.5,2
GARDOLO,Celtis australis,10,12,113.1,3,3.4,1
CENTRO STORICO PIEDICASTELLO,Platanus x hispanica,9,7,38.5,2.7,22.8,1
S.GIUSEPPE-S.CHIARA,Tilia cordata,11,10,78.5,3.3,11.9,1
S.GIUSEPPE-S.CHIARA,Other,4,3,7.1,1.2,2.3,1
CENTRO STORICO PIEDICASTELLO,Carpinus betulus,4,3,7.1,1.2,7.9,1
CENTRO STORICO PIEDICASTELLO,Other,4,2.5,4.9,1.2,3.2,1
OLTREFERSINA,Other,4,2,3.1,1.2,9.4,2
OLTREFERSINA,Other,8,5,19.6,2.4,5.5,1
CENTRO STORICO PIEDICASTELLO,Other,3,2,3.1,0.9,2.6,1
OLTREFERSINA,Other,19,10,78.5,5.7,41,1
CENTRO STORICO PIEDICASTELLO,Other,4,3,7.1,1.2,7.7,4
S.GIUSEPPE-S.CHIARA,Other,4,2,3.1,1.2,2,13
OLTREFERSINA,Other,6,3,7.1,1.8,10.1,1
GARDOLO,Other,6,7,38.5,1.8,38.8,1
S.GIUSEPPE-S.CHIARA,Other,6,2,3.1,1.8,13,1
OLTREFERSINA,Celtis australis,9,8,50.3,2.7,3.4,1
VILLAZZANO,Other,8,7,38.5,2.4,25.4,1
CENTRO STORICO PIEDICASTELLO,Other,7,11,95,2.1,9.199999999999999,1
OLTREFERSINA,Tilia cordata,4.5,2,3.1,1.3,3,1
GARDOLO,Other,5,4,12.6,1.5,1.8,1
CENTRO STORICO PIEDICASTELLO,Other,13,10,78.5,3.9,67.2,1
OLTREFERSINA,Celtis australis,8,7,38.5,2.4,2.2,1
S.GIUSEPPE-S.CHIARA,Other,7,12,113.1,2.1,10.3,2
CENTRO STORICO PIEDICASTELLO,Other,11,7,38.5,3.3,8.5,1
GARDOLO,Other,4,1.5,1.8,1.2,7.1,3
BONDONE,Other,14,6,28.3,4.2,9.9,2
OLTREFERSINA,Other,5,7,38.5,1.5,16.5,1
S.GIUSEPPE-S.CHIARA,Other,4,4,12.6,1.2,2.3,1
CENTRO STORICO PIEDICASTELLO,Other,19,11,95,5.7,58,2
CENTRO STORICO PIEDICASTELLO,Platanus x hispanica,6,3.5,9.6,1.8,4.1,1
S.GIUSEPPE-S.CHIARA,Other,3,2,3.1,0.9,3.2,8
CENTRO STORICO PIEDICASTELLO,Other,8,5,19.6,2.4,14.3,1
S.GIUSEPPE-S.CHIARA,Other,7,6,28.3,2.1,6,2
CENTRO STORICO PIEDICASTELLO,Other,5,3,7.1,1.5,7,1
S.GIUSEPPE-S.CHIARA,Other,10,10,78.5,3,10.4,8
POVO,Platanus x hispanica,8,11,95,2.4,54.7,1
CENTRO STORICO PIEDICASTELLO,Other,16,10,78.5,4.8,17.5,1
CENTRO STORICO PIEDICASTELLO,Aesculus hippocastanum,17,12,113.1,5.1,46.4,1
S.GIUSEPPE-S.CHIARA,Aesculus hippocastanum,12,10,78.5,3.6,79.3,1
OLTREFERSINA,Other,6,3,7.1,1.8,1.5,2
S.GIUSEPPE-S.CHIARA,Celtis australis,7,6,28.3,2.1,2.5,4
S.GIUSEPPE-S.CHIARA,Other,9,6,28.3,2.7,28.8,1
CENTRO STORICO PIEDICASTELLO,Other,8,6,28.3,2.4,58.4,1
OLTREFERSINA,Other,1.8,5.3,21.7,0.5,22.2,3
CENTRO STORICO PIEDICASTELLO,Other,12,8,50.3,3.6,25.7,1
RAVINA-ROMAGNANO,Celtis australis,8,8,50.3,2.4,4.5,1
OLTREFERSINA,Other,4,4,12.6,1.2,3,2
GARDOLO,Other,3,1,0.8,0.9,3.2,3
CENTRO STORICO PIEDICASTELLO,Other,5.5,3,7.1,1.7,4.6,1
CENTRO STORICO PIEDICASTELLO,Other,8,6,28.3,2.4,15.6,2
CENTRO STORICO PIEDICASTELLO,Other,5.5,3,7.1,1.7,5.7,1
BONDONE,Aesculus hippocastanum,4,3,7.1,1.2,9.6,1
S.GIUSEPPE-S.CHIARA,Other,4,2.5,4.9,1.2,1.3,2
CENTRO STORICO PIEDICASTELLO,Other,20,8,50.3,6,25.5,1
CENTRO STORICO PIEDICASTELLO,Other,5,4,12.6,1.5,9.199999999999999,3
OLTREFERSINA,Other,4,8.800000000000001,60.3,1.2,69.09999999999999,2
CENTRO STORICO PIEDICASTELLO,Other,6,4,12.6,1.8,5.2,2
CENTRO STORICO PIEDICASTELLO,Celtis australis,8,10,78.5,2.4,3.1,1
ARGENTARIO,Other,22,16,201.1,6.6,53.5,1
GARDOLO,Other,5,2,3.1,1.5,2.8,1
S.GIUSEPPE-S.CHIARA,Carpinus betulus,13,4,12.6,3.9,10.5,1
S.GIUSEPPE-S.CHIARA,Aesculus hippocastanum,12,13,132.7,3.6,36.1,1
GARDOLO,Other,6,2,3.1,1.8,4.1,1
OLTREFERSINA,Carpinus betulus,9,6,28.3,2.7,13.8,1
S.GIUSEPPE-S.CHIARA,Other,7,5,19.6,2.1,13.4,1
S.GIUSEPPE-S.CHIARA,Other,5.5,4,12.6,1.7,5.5,2
CENTRO STORICO PIEDICASTELLO,Aesculus hippocastanum,10,6,28.3,3,20.4,1
VILLAZZANO,Other,4,3,7.1,1.2,2.7,1
S.GIUSEPPE-S.CHIARA,Platanus x hispanica,25,18,254.5,7.5,14.6,1
OLTREFERSINA,Other,3.5,3,7.1,1,3.8,1
S.GIUSEPPE-S.CHIARA,Platanus x hispanica,6,6,28.3,1.8,4.1,1
GARDOLO,Other,3.5,7,38.5,1,12.1,1
S.GIUSEPPE-S.CHIARA,Other,23,14,153.9,6.9,33.6,1
GARDOLO,Other,3,1,0.8,0.9,2.4,1
RAVINA-ROMAGNANO,Other,6,4,12.6,1.8,7.9,2
CENTRO STORICO PIEDICASTELLO,Other,8,4,12.6,2.4,16.5,2
S.GIUSEPPE-S.CHIARA,Other,4,3.5,9.6,1.2,4.3,1
GARDOLO,Other,6,3,7.1,1.8,1.2,1
S.GIUSEPPE-S.CHIARA,Aesculus hippocastanum,8,8,50.3,2.4,33.4,1
MEANO,Other,6,4,12.6,1.8,16,1
CENTRO STORICO PIEDICASTELLO,Other,7,6,28.3,2.1,8.1,1
S.GIUSEPPE-S.CHIARA,Other,10,11,95,3,19.7,1
CENTRO STORICO PIEDICASTELLO,Celtis australis,17,12,113.1,5.1,1.2,1
S.GIUSEPPE-S.CHIARA,Other,5,10,78.5,1.5,9.6,1
CENTRO STORICO PIEDICASTELLO,Celtis australis,18,11,95,5.4,2.2,1
S.GIUSEPPE-S.CHIARA,Other,4,8,50.3,1.2,6.4,1
CENTRO STORICO PIEDICASTELLO,Other,14,7,38.5,4.2,13.5,1
CENTRO STORICO PIEDICASTELLO,Other,3,0.4,0.1,0.9,8.699999999999999,1
S.GIUSEPPE-S.CHIARA,Other,2.5,1.5,1.8,0.8,1.7,1
CENTRO STORICO PIEDICASTELLO,Other,15,5,19.6,4.5,1.7,1
CENTRO STORICO PIEDICASTELLO,Other,7,10,78.5,2.1,11.5,1
CENTRO STORICO PIEDICASTELLO,Other,9,6,28.3,2.7,12.1,1
S.GIUSEPPE-S.CHIARA,Other,11.3,5.9,27.5,3.4,20.7,6
MATTARELLO,Other,5,2,3.1,1.5,3.6,1
CENTRO STORICO PIEDICASTELLO,Other,4.4,3.1,7.5,1.3,3.7,1
OLTREFERSINA,Other,14,4,12.6,4.2,12.1,2
GARDOLO,Other,7,6,28.3,2.1,5.1,1
VILLAZZANO,Carpinus betulus,8,6,28.3,2.4,16.8,2
CENTRO STORICO PIEDICASTELLO,Aesculus hippocastanum,2,1,0.8,0.6,1.6,1
S.GIUSEPPE-S.CHIARA,Other,3.5,2,3.1,1,2.8,4
CENTRO STORICO PIEDICASTELLO,Platanus x hispanica,11,7,38.5,3.3,17,1
S.GIUSEPPE-S.CHIARA,Other,2,1,0.8,0.6,2.9,1
S.GIUSEPPE-S.CHIARA,Other,14,5,19.6,4.2,33.2,1
S.GIUSEPPE-S.CHIARA,Other,6.5,3,7.1,1.9,3.6,2
CENTRO STORICO PIEDICASTELLO,Other,3,2.5,4.9,0.9,3.2,1
VILLAZZANO,Other,6,3,7.1,1.8,5,4
S.GIUSEPPE-S.CHIARA,Other,22,8,50.3,6.6,49,2
S.GIUSEPPE-S.CHIARA,Other,4,1,0.8,1.2,2.4,1
GARDOLO,Platanus x hispanica,3,9.6,72.5,0.9,2.5,1
VILLAZZANO,Other,9,4,12.6,2.7,20.4,1
CENTRO STORICO PIEDICASTELLO,Other,8,7,38.5,2.4,41.9,1
S.GIUSEPPE-S.CHIARA,Other,5,9,63.6,1.5,16,1
CENTRO STORICO PIEDICASTELLO,Other,18,9,63.6,5.4,13.6,1
S.GIUSEPPE-S.CHIARA,Aesculus hippocastanum,10,7,38.5,3,59,1
CENTRO STORICO PIEDICASTELLO,Other,4,1,0.8,1.2,2.1,1
S.GIUSEPPE-S.CHIARA,Aesculus hippocastanum,5,4,12.6,1.5,7.8,4
S.GIUSEPPE-S.CHIARA,Other,8,8,50.3,2.4,10.1,1
CENTRO STORICO PIEDICASTELLO,Other,6,4,12.6,1.8,3.2,1
GARDOLO,Other,4,1,0.8,1.2,7.4,1
OLTREFERSINA,Other,4.5,8,50.3,1.3,17,1
VILLAZZANO,Other,10,9,63.6,3,19.9,1
S.GIUSEPPE-S.CHIARA,Other,14,10,78.5,4.2,3.1,1
CENTRO STORICO PIEDICASTELLO,Tilia cordata,6,5,19.6,1.8,7,2
CENTRO STORICO PIEDICASTELLO,Platanus x hispanica,11,8.5,56.7,3.3,23.8,1
S.GIUSEPPE-S.CHIARA,Other,5,2,3.1,1.5,1.6,1
CENTRO STORICO PIEDICASTELLO,Celtis australis,14,11.5,103.9,4.2,5.3,1
OLTREFERSINA,Other,4,1.5,1.8,1.2,3.5,1
OLTREFERSINA,Other,3.5,2,3.1,1,1.7,1
GARDOLO,Platanus x hispanica,6.5,5,19.6,1.9,7.9,1
OLTREFERSINA,Other,8,7,38.5,2.4,19.1,3
S.GIUSEPPE-S.CHIARA,Carpinus betulus,10,7,38.5,3,17.9,2
GARDOLO,Other,5,3,7.1,1.5,13.1,1
S.GIUSEPPE-S.CHIARA,Other,14,4,12.6,4.2,11.2,1
OLTREFERSINA,Other,5,4,12.6,1.5,3.4,1
CENTRO STORICO PIEDICASTELLO,Other,3,6,28.3,0.9,11.2,2
S.GIUSEPPE-S.CHIARA,Other,12,8,50.3,3.6,10.1,1
CENTRO STORICO PIEDICASTELLO,Platanus x hispanica,10,7,38.5,3,30.3,1
GARDOLO,Other,4,2,3.1,1.2,6.3,2
OLTREFERSINA,Tilia cordata,8,7,38.5,2.4,6.5,1
S.GIUSEPPE-S.CHIARA,Carpinus betulus,6.2,3.6,10.1,1.9,8.6,1
S.GIUSEPPE-S.CHIARA,Aesculus hippocastanum,8.4,6,28.3,2.5,21,1
S.GIUSEPPE-S.CHIARA,Other,12,6,28.3,3.6,14,1
OLTREFERSINA,Other,22,18,254.5,6.6,97.2,1
RAVINA-ROMAGNANO,Tilia cordata,8,4,12.6,2.4,6.5,2
VILLAZZANO,Celtis australis,18,5,19.6,5.4,3.1,1
S.GIUSEPPE-S.CHIARA,Other,14,10,78.5,4.2,27.2,1
S.GIUSEPPE-S.CHIARA,Other,7,5,19.6,2.1,14.3,1
CENTRO STORICO PIEDICASTELLO,Platanus x hispanica,4.5,3,7.1,1.3,3.5,1
GARDOLO,Other,6,5,19.6,1.8,5.4,1
S.GIUSEPPE-S.CHIARA,Other,8,6,28.3,2.4,15.6,1
S.GIUSEPPE-S.CHIARA,Other,4,2,3.1,1.2,7.1,2
OLTREFERSINA,Other,21,9,63.6,6.3,78.90000000000001,1
BONDONE,Other,5,2,3.1,1.5,9,1
OLTREFERSINA,Other,5.5,1.5,1.8,1.7,6.8,1
CENTRO STORICO PIEDICASTELLO,Other,18,14,153.9,5.4,56.7,1
CENTRO STORICO PIEDICASTELLO,Platanus x hispanica,20,12,113.1,6,14.6,1
GARDOLO,Other,4,6,28.3,1.2,9.199999999999999,2
OLTREFERSINA,Other,6.7,4.9,19.2,2,7.3,15
S.GIUSEPPE-S.CHIARA,Other,6,4,12.6,1.8,9,1
OLTREFERSINA,Other,8,5.3,21.7,2.4,21.4,2
POVO,Other,5,3,7.1,1.5,4.7,1
S.GIUSEPPE-S.CHIARA,Aesculus hippocastanum,14,8,50.3,4.2,38.6,1
OLTREFERSINA,Other,5,4,12.6,1.5,11.3,1
OLTREFERSINA,Other,6,3,7.1,1.8,4.2,1
S.GIUSEPPE-S.CHIARA,Other,18,10,78.5,5.4,58,2
GARDOLO,Other,8,10,78.5,2.4,109.4,1
CENTRO STORICO PIEDICASTELLO,Other,12,8,50.3,3.6,14.6,1
S.GIUSEPPE-S.CHIARA,Other,5,2,3.1,1.5,5.2,1
S.GIUSEPPE-S.CHIARA,Other,13,7,38.5,3.9,17.3,1
CENTRO STORICO PIEDICASTELLO,Other,25,16,201.1,7.5,89.90000000000001,1
S.GIUSEPPE-S.CHIARA,Other,5,4,12.6,1.5,4.3,2
MATTARELLO,Other,5,3,7.1,1.5,9.300000000000001,1
S.GIUSEPPE-S.CHIARA,Other,6,12,113.1,1.8,11.5,1
S.GIUSEPPE-S.CHIARA,Other,14,8,50.3,4.2,14.4,1
OLTREFERSINA,Celtis australis,12,11,95,3.6,4.5,1
MEANO,Platanus x hispanica,2,2,3.1,0.6,6.5,3
GARDOLO,Other,6,3,7.1,1.8,2.8,2
ARGENTARIO,Other,10,9,63.6,3,29.2,1
S.GIUSEPPE-S.CHIARA,Aesculus hippocastanum,8,12,113.1,2.4,29.3,1
CENTRO STORICO PIEDICASTELLO,Other,10,5,19.6,3,17.8,1
CENTRO STORICO PIEDICASTELLO,Other,3,2,3.1,0.9,2.1,4
S.GIUSEPPE-S.CHIARA,Other,5,7,38.5,1.5,6.4,1
S.GIUSEPPE-S.CHIARA,Aesculus hippocastanum,6,6,28.3,1.8,39.4,1
CENTRO STORICO PIEDICASTELLO,Other,7,4,12.6,2.1,16.8,1
ARGENTARIO,Other,12,5,19.6,3.6,24.6,1
GARDOLO,Other,6,6,28.3,1.8,6,2
CENTRO STORICO PIEDICASTELLO,Other,11,9,63.6,3.3,15.7,1
RAVINA-ROMAGNANO,Other,6,3,7.1,1.8,12,1
GARDOLO,Carpinus betulus,5,2,3.1,1.5,4,1
CENTRO STORICO PIEDICASTELLO,Other,7,6,28.3,2.1,10,1
S.GIUSEPPE-S.CHIARA,Aesculus hippocastanum,3,1,0.8,0.9,2,1
S.GIUSEPPE-S.CHIARA,Other,8,6,28.3,2.4,14.9,1
S.GIUSEPPE-S.CHIARA,Other,13,8,50.3,3.9,65.2,1
CENTRO STORICO PIEDICASTELLO,Other,17,6,28.3,5.1,25.3,1
S.GIUSEPPE-S.CHIARA,Aesculus hippocastanum,10.5,8,50.3,3.2,39.1,1
CENTRO STORICO PIEDICASTELLO,Other,5,11,95,1.5,12.2,1
CENTRO STORICO PIEDICASTELLO,Other,21,9,63.6,6.3,73.2,1
S.GIUSEPPE-S.CHIARA,Other,8,7,38.5,2.4,7.6,1
GARDOLO,Celtis australis,4,1.5,1.8,1.2,1.1,3
OLTREFERSINA,Other,5.5,1.5,1.8,1.7,2.1,1
CENTRO STORICO PIEDICASTELLO,Other,18,12,113.1,5.4,14.8,1
BONDONE,Other,6,6,28.3,1.8,13.2,2
OLTREFERSINA,Other,3,1.5,1.8,0.9,6.3,1
OLTREFERSINA,Other,8,7,38.5,2.4,63.8,1
VILLAZZANO,Other,7,4,12.6,2.1,8.6,3
S.GIUSEPPE-S.CHIARA,Carpinus betulus,8,4,12.6,2.4,4.5,2
CENTRO STORICO PIEDICASTELLO,Other,7,6,28.3,2.1,18.7,1
OLTREFERSINA,Other,8,6,28.3,2.4,21.6,1
CENTRO STORICO PIEDICASTELLO,Other,7,5,19.6,2.1,17.2,1
OLTREFERSINA,Other,5,4,12.6,1.5,3.8,1
S.GIUSEPPE-S.CHIARA,Other,11,9,63.6,3.3,23.3,2
OLTREFERSINA,Other,9,6,28.3,2.7,9.9,1
CENTRO STORICO PIEDICASTELLO,Platanus x hispanica,9,8.5,56.7,2.7,18.8,1
CENTRO STORICO PIEDICASTELLO,Carpinus betulus,18,4,12.6,5.4,11.7,1
S.GIUSEPPE-S.CHIARA,Celtis australis,8.300000000000001,6.7,35.2,2.5,3.5,9
CENTRO STORICO PIEDICASTELLO,Other,13,10,78.5,3.9,48.8,1
MATTARELLO,Other,6,7,38.5,1.8,13.8,1
GARDOLO,Other,8,8,50.3,2.4,16.7,1
S.GIUSEPPE-S.CHIARA,Other,7,4,12.6,2.1,12,1
S.GIUSEPPE-S.CHIARA,Other,2,2,3.1,0.6,3.2,2
OLTREFERSINA,Other,7,7,38.5,2.1,15.4,1
GARDOLO,Other,4,2,3.1,1.2,7,6
CENTRO STORICO PIEDICASTELLO,Other,3,1.5,1.8,0.9,1.3,1
CENTRO STORICO PIEDICASTELLO,Other,14,10,78.5,4.2,14.4,1
S.GIUSEPPE-S.CHIARA,Aesculus hippocastanum,12,8,50.3,3.6,47.3,8
S.GIUSEPPE-S.CHIARA,Other,3.5,1.5,1.8,1,1.6,2
OLTREFERSINA,Celtis australis,8,8,50.3,2.4,3.4,1
OLTREFERSINA,Other,4.5,3,7.1,1.3,3.3,1
CENTRO STORICO PIEDICASTELLO,Celtis australis,8,8,50.3,2.4,3.5,3
OLTREFERSINA,Other,8,6.5,33.2,2.4,21.6,1
OLTREFERSINA,Other,9,7,38.5,2.7,22.2,1
S.GIUSEPPE-S.CHIARA,Celtis australis,16,10,78.5,4.8,5.3,1
OLTREFERSINA,Other,7,5,19.6,2.1,8,1
S.GIUSEPPE-S.CHIARA,Other,10,7,38.5,3,17.9,2
CENTRO STORICO PIEDICASTELLO,Other,5,3,7.1,1.5,5.8,1
CENTRO STORICO PIEDICASTELLO,Other,4,1,0.8,1.2,5.1,1
OLTREFERSINA,Celtis australis,3,1,0.8,0.9,2.2,2
GARDOLO,Tilia cordata,6,4.5,15.9,1.8,6.5,1
CENTRO STORICO PIEDICASTELLO,Carpinus betulus,12,10,78.5,3.6,17.1,1
S.GIUSEPPE-S.CHIARA,Carpinus betulus,6,5,19.6,1.8,8.6,1
S.GIUSEPPE-S.CHIARA,Other,10,6,28.3,3,12.6,1
S.GIUSEPPE-S.CHIARA,Aesculus hippocastanum,12,10,78.5,3.6,72.5,2
S.GIUSEPPE-S.CHIARA,Other,47,2,3.1,14.1,3.6,1
POVO,Other,5,3,7.1,1.5,14.9,1
OLTREFERSINA,Other,8.699999999999999,7.2,41.1,2.6,18.7,3
ARGENTARIO,Other,13,11,95,3.9,18.4,1
VILLAZZANO,Other,6,4,12.6,1.8,4.6,1
GARDOLO,Other,7,3,7.1,2.1,15.2,1
MEANO,Other,7,2,3.1,2.1,11.3,2
CENTRO STORICO PIEDICASTELLO,Other,3,1,0.8,0.9,6.3,1
CENTRO STORICO PIEDICASTELLO,Other,21,12,113.1,6.3,89.90000000000001,1
S.GIUSEPPE-S.CHIARA,Other,4.5,2,3.1,1.3,3.2,1
MEANO,Other,5,6,28.3,1.5,24.2,2
OLTREFERSINA,Other,5,3,7.1,1.5,14,2
CENTRO STORICO PIEDICASTELLO,Other,10,10,78.5,3,48.7,1
CENTRO STORICO PIEDICASTELLO,Platanus x hispanica,23,13,132.7,6.9,8.199999999999999,1
CENTRO STORICO PIEDICASTELLO,Celtis australis,12,12.5,122.7,3.6,5.2,1
S.GIUSEPPE-S.CHIARA,Other,2,2,3.1,0.6,5,1
VILLAZZANO,Other,21,3,7.1,6.3,0.6,1
OLTREFERSINA,Other,10,8,50.3,3,9.5,3
CENTRO STORICO PIEDICASTELLO,Other,19,6,28.3,5.7,82,1
OLTREFERSINA,Celtis australis,9,7,38.5,2.7,3,1
GARDOLO,Other,5,3,7.1,1.5,2.1,1
MATTARELLO,Other,5,5,19.6,1.5,7,1
S.GIUSEPPE-S.CHIARA,Other,4,1.5,1.8,1.2,2.4,4
CENTRO STORICO PIEDICASTELLO,Other,7,5,19.6,2.1,15.4,2
CENTRO STORICO PIEDICASTELLO,Platanus x hispanica,25,24,452.4,7.5,0.7,1
OLTREFERSINA,Other,16,7,38.5,4.8,1.6,1
S.GIUSEPPE-S.CHIARA,Other,4,3,7.1,1.2,7,1
OLTREFERSINA,Platanus x hispanica,8,7,38.5,2.4,7.9,1
CENTRO STORICO PIEDICASTELLO,Other,16,9,63.6,4.8,20.3,1
S.GIUSEPPE-S.CHIARA,Other,13,7,38.5,3.9,44,1
CENTRO STORICO PIEDICASTELLO,Other,8.300000000000001,6,28.3,2.5,11.8,5
CENTRO STORICO PIEDICASTELLO,Other,14,6,28.3,4.2,40.3,1
S.GIUSEPPE-S.CHIARA,Other,10,7,38.5,3,11.6,1
S.GIUSEPPE-S.CHIARA,Other,7,5,19.6,2.1,32,1
S.GIUSEPPE-S.CHIARA,Aesculus hippocastanum,15,5,19.6,4.5,34.5,1
CENTRO STORICO PIEDICASTELLO,Carpinus betulus,5,2,3.1,1.5,4.5,1
CENTRO STORICO PIEDICASTELLO,Other,11,5,19.6,3.3,24.8,2
CENTRO STORICO PIEDICASTELLO,Celtis australis,6,8,50.3,1.8,2.8,1
OLTREFERSINA,Other,6,4,12.6,1.8,11.5,3
RAVINA-ROMAGNANO,Other,7,2,3.1,2.1,8.699999999999999,1
OLTREFERSINA,Other,14,8,50.3,4.2,34.2,1
GARDOLO,Other,10,8,50.3,3,13,1
GARDOLO,Other,5,6,28.3,1.5,17.8,1
CENTRO STORICO PIEDICASTELLO,Other,12,5,19.6,3.6,25.4,1
S.GIUSEPPE-S.CHIARA,Aesculus hippocastanum,7,7,38.5,2.1,12.8,1
S.GIUSEPPE-S.CHIARA,Carpinus betulus,14,8,50.3,4.2,9.9,1
S.GIUSEPPE-S.CHIARA,Other,5,3,7.1,1.5,8,1
BONDONE,Other,5,4,12.6,1.5,14.8,1
OLTREFERSINA,Celtis australis,7,5,19.6,2.1,2.4,1
CENTRO STORICO PIEDICASTELLO,Carpinus betulus,5,4,12.6,1.5,7.3,1
MEANO,Other,5,5,19.6,1.5,28.2,2
VILLAZZANO,Other,5,4,12.6,1.5,3.2,1
CENTRO STORICO PIEDICASTELLO,Other,8,4,12.6,2.4,12.9,1
BONDONE,Other,4,3,7.1,1.2,11.4,1
OLTREFERSINA,Other,4,2.5,4.9,1.2,4.4,2
OLTREFERSINA,Other,8,7,38.5,2.4,35.1,5
ARGENTARIO,Other,8,6,28.3,2.4,19.3,1
CENTRO STORICO PIEDICASTELLO,Other,5,5,19.6,1.5,7.9,1
CENTRO STORICO PIEDICASTELLO,Other,18.7,6.6,33.8,5.6,57.7,2
CENTRO STORICO PIEDICASTELLO,Other,14,6,28.3,4.2,18.9,1
OLTREFERSINA,Other,4.5,6,28.3,1.3,6.8,1
CENTRO STORICO PIEDICASTELLO,Other,8,4,12.6,2.4,5.1,1
S.GIUSEPPE-S.CHIARA,Other,4.5,2,3.1,1.3,2.1,1
MATTARELLO,Other,5,1,0.8,1.5,5.1,1
VILLAZZANO,Other,8,3,7.1,2.4,9.9,9
GARDOLO,Other,8,7,38.5,2.4,10.7,1
OLTREFERSINA,Other,7,6,28.3,2.1,13.4,2
CENTRO STORICO PIEDICASTELLO,Other,8,5,19.6,2.4,9.4,1
OLTREFERSINA,Carpinus betulus,12,3,7.1,3.6,10.5,2
OLTREFERSINA,Other,6,6,28.3,1.8,16.6,1
OLTREFERSINA,Carpinus betulus,15,4,12.6,4.5,16.2,1
S.GIUSEPPE-S.CHIARA,Aesculus hippocastanum,7,4.5,15.9,2.1,6.8,1
OLTREFERSINA,Other,24,10,78.5,7.2,75.40000000000001,1
OLTREFERSINA,Other,7,6,28.3,2.1,16.7,1
OLTREFERSINA,Other,22,14,153.9,6.6,89.90000000000001,1
S.GIUSEPPE-S.CHIARA,Other,4.5,3,7.1,1.3,3.6,1
CENTRO STORICO PIEDICASTELLO,Other,5.5,4,12.6,1.7,6.2,2
CENTRO STORICO PIEDICASTELLO,Other,8.699999999999999,7.2,41.1,2.6,18.7,16
CENTRO STORICO PIEDICASTELLO,Other,6,5,19.6,1.8,8.699999999999999,1
GARDOLO,Other,5,2,3.1,1.5,2.5,18
S.GIUSEPPE-S.CHIARA,Other,9,8,50.3,2.7,16.9,1
CENTRO STORICO PIEDICASTELLO,Aesculus hippocastanum,10,6,28.3,3,18.6,1
CENTRO STORICO PIEDICASTELLO,Other,3.5,1.5,1.8,1,3.9,1
CENTRO STORICO PIEDICASTELLO,Other,4,5,19.6,1.2,3.4,4
S.GIUSEPPE-S.CHIARA,Other,5,7,38.5,1.5,16.9,1
GARDOLO,Other,6,4,12.6,1.8,1.6,2
GARDOLO,Other,7,6,28.3,2.1,5.2,1
CENTRO STORICO PIEDICASTELLO,Celtis australis,20,12,113.1,6,5.2,1
GARDOLO,Tilia cordata,4,2.5,4.9,1.2,3,61
OLTREFERSINA,Other,6,4,12.6,1.8,4.9,2
VILLAZZANO,Other,8,4,12.6,2.4,9.5,1
S.GIUSEPPE-S.CHIARA,Other,6,4,12.6,1.8,6.2,2
S.GIUSEPPE-S.CHIARA,Other,10,10,78.5,3,11.6,2
VILLAZZANO,Other,10,3,7.1,3,12.2,1
RAVINA-ROMAGNANO,Other,4,2,3.1,1.2,26.9,1
GARDOLO,Other,6,1.5,1.8,1.8,4.8,2
CENTRO STORICO PIEDICASTELLO,Other,6,4,12.6,1.8,8.6,1
GARDOLO,Other,7,6,28.3,2.1,9.6,1
S.GIUSEPPE-S.CHIARA,Other,15,8,50.3,4.5,70.3,1
CENTRO STORICO PIEDICASTELLO,Other,11,9,63.6,3.3,10.3,1
S.GIUSEPPE-S.CHIARA,Other,1.3,5.3,21.7,0.4,28.4,1
OLTREFERSINA,Other,15,5,19.6,4.5,27.6,2
GARDOLO,Other,6,2,3.1,1.8,4.8,1
GARDOLO,Other,4,2,3.1,1.2,3.2,2
S.GIUSEPPE-S.CHIARA,Other,9,4,12.6,2.7,9.4,1
OLTREFERSINA,Other,4,3.5,9.6,1.2,11.6,1
OLTREFERSINA,Other,15,7,38.5,4.5,42.1,1
OLTREFERSINA,Other,4,2.5,4.9,1.2,3.6,1
S.GIUSEPPE-S.CHIARA,Other,4,2.5,4.9,1.2,4.3,3
OLTREFERSINA,Other,5,3,7.1,1.5,8.1,1
S.GIUSEPPE-S.CHIARA,Other,6,3,7.1,1.8,7.6,1
OLTREFERSINA,Platanus x hispanica,20,17,227,6,14.6,1
GARDOLO,Platanus x hispanica,13,10,78.5,3.9,22.8,1
S.GIUSEPPE-S.CHIARA,Other,8,6,28.3,2.4,5.5,2
CENTRO STORICO PIEDICASTELLO,Other,5,4,12.6,1.5,6,1
GARDOLO,Other,14,9,63.6,4.2,16.8,1
S.GIUSEPPE-S.CHIARA,Other,5,4,12.6,1.5,10.8,1
CENTRO STORICO PIEDICASTELLO,Other,5,4,12.6,1.5,10.9,1
S.GIUSEPPE-S.CHIARA,Aesculus hippocastanum,10,8,50.3,3,46.9,4
S.GIUSEPPE-S.CHIARA,Other,6,7,38.5,1.8,15.2,1
CENTRO STORICO PIEDICASTELLO,Celtis australis,10,8,50.3,3,3.1,1
OLTREFERSINA,Celtis australis,8,9,63.6,2.4,5.4,1
GARDOLO,Platanus x hispanica,8,8,50.3,2.4,9.4,6
CENTRO STORICO PIEDICASTELLO,Other,21,9,63.6,6.3,50.1,1
CENTRO STORICO PIEDICASTELLO,Other,6,6,28.3,1.8,9.300000000000001,2
BONDONE,Other,4,2,3.1,1.2,1.1,3
RAVINA-ROMAGNANO,Tilia cordata,8,4,12.6,2.4,5.1,3
OLTREFERSINA,Other,9,6,28.3,2.7,47.3,1
GARDOLO,Other,21,13,132.7,6.3,38.7,1
S.GIUSEPPE-S.CHIARA,Other,19,12,113.1,5.7,77.5,1
OLTREFERSINA,Other,12,8,50.3,3.6,21.5,1
OLTREFERSINA,Other,5,2.5,4.9,1.5,7.1,1
MATTARELLO,Other,5,1,0.8,1.5,9.300000000000001,1
S.GIUSEPPE-S.CHIARA,Tilia cordata,4,1.5,1.8,1.2,1.8,1
CENTRO STORICO PIEDICASTELLO,Other,2,5.3,21.7,0.6,22.2,9
S.GIUSEPPE-S.CHIARA,Other,4,1,0.8,1.2,1.4,3
S.GIUSEPPE-S.CHIARA,Aesculus hippocastanum,4.5,4.5,15.9,1.3,4.9,1
OLTREFERSINA,Other,21,11,95,6.3,56.3,2
S.GIUSEPPE-S.CHIARA,Other,11,6,28.3,3.3,22.3,1
OLTREFERSINA,Other,6,5.5,23.8,1.8,6.1,1
S.GIUSEPPE-S.CHIARA,Other,7,6,28.3,2.1,14.3,7
S.GIUSEPPE-S.CHIARA,Aesculus hippocastanum,8,7,38.5,2.4,15.1,1
CENTRO STORICO PIEDICASTELLO,Other,20,3,7.1,6,7.2,4
VILLAZZANO,Carpinus betulus,4,3,7.1,1.2,4.5,1
MEANO,Other,6,4,12.6,1.8,14.8,4
VILLAZZANO,Other,4.5,1.5,1.8,1.3,3.4,1
CENTRO STORICO PIEDICASTELLO,Other,8,6,28.3,2.4,9.699999999999999,1
VILLAZZANO,Other,12,10,78.5,3.6,17.9,1
S.GIUSEPPE-S.CHIARA,Other,19,5,19.6,5.7,30,1
CENTRO STORICO PIEDICASTELLO,Other,5.5,4.5,15.9,1.7,6.7,1
S.GIUSEPPE-S.CHIARA,Other,15,11,95,4.5,61.8,1
S.GIUSEPPE-S.CHIARA,Aesculus hippocastanum,8,8,50.3,2.4,10.7,1
CENTRO STORICO PIEDICASTELLO,Other,3,2,3.1,0.9,3.9,1
CENTRO STORICO PIEDICASTELLO,Celtis australis,7,7,38.5,2.1,3.1,1
S.GIUSEPPE-S.CHIARA,Other,5.1,3.3,8.4,1.5,4.3,3
CENTRO STORICO PIEDICASTELLO,Tilia cordata,6.4,4.4,14.9,1.9,6.8,5
CENTRO STORICO PIEDICASTELLO,Other,4,1.5,1.8,1.2,1.4,1
S.GIUSEPPE-S.CHIARA,Aesculus hippocastanum,9,6,28.3,2.7,18.5,1
OLTREFERSINA,Other,6,3,7.1,1.8,17.1,1
GARDOLO,Other,4,2,3.1,1.2,20.8,1
CENTRO STORICO PIEDICASTELLO,Other,7,3,7.1,2.1,10,1
GARDOLO,Other,5,4,12.6,1.5,1.6,2
S.GIUSEPPE-S.CHIARA,Other,25,8,50.3,7.5,52,1
CENTRO STORICO PIEDICASTELLO,Other,15,8,50.3,4.5,20,1
CENTRO STORICO PIEDICASTELLO,Celtis australis,8,8,50.3,2.4,3.9,1
OLTREFERSINA,Celtis australis,13,8,50.3,3.9,3.1,1
CENTRO STORICO PIEDICASTELLO,Other,7,7,38.5,2.1,26.6,1
CENTRO STORICO PIEDICASTELLO,Other,8,7,38.5,2.4,13.3,1
S.GIUSEPPE-S.CHIARA,Other,11,5,19.6,3.3,10.9,1
S.GIUSEPPE-S.CHIARA,Other,6,5,19.6,1.8,11.7,2
S.GIUSEPPE-S.CHIARA,Other,4,3,7.1,1.2,4.1,1
S.GIUSEPPE-S.CHIARA,Other,17,10,78.5,5.1,46.5,1
CENTRO STORICO PIEDICASTELLO,Celtis australis,7,7,38.5,2.1,2.5,1
OLTREFERSINA,Other,19,8,50.3,5.7,45.5,1
ARGENTARIO,Celtis australis,5,4,12.6,1.5,2.5,8
S.GIUSEPPE-S.CHIARA,Tilia cordata,15,6,28.3,4.5,33.2,1
OLTREFERSINA,Other,7,3,7.1,2.1,4.6,1
RAVINA-ROMAGNANO,Celtis australis,7,8,50.3,2.1,2.6,1
VILLAZZANO,Other,8,3,7.1,2.4,9.199999999999999,1
S.GIUSEPPE-S.CHIARA,Other,26,18,254.5,7.8,21.8,1
OLTREFERSINA,Other,5,1,0.8,1.5,5.4,1
GARDOLO,Other,6,6,28.3,1.8,12,1
CENTRO STORICO PIEDICASTELLO,Platanus x hispanica,19,13,132.7,5.7,82.59999999999999,1
GARDOLO,Other,4,1,0.8,1.2,2.1,1
CENTRO STORICO PIEDICASTELLO,Other,6,7,38.5,1.8,10.1,1
CENTRO STORICO PIEDICASTELLO,Other,3.5,3,7.1,1,3.7,1
OLTREFERSINA,Other,5,6,28.3,1.5,16.3,2
CENTRO STORICO PIEDICASTELLO,Other,3,1,0.8,0.9,11.7,2
CENTRO STORICO PIEDICASTELLO,Other,14,7,38.5,4.2,11.7,1
OLTREFERSINA,Celtis australis,5.5,3,7.1,1.7,2.8,1
OLTREFERSINA,Other,8,6,28.3,2.4,14.2,1
VILLAZZANO,Other,5,5,19.6,1.5,7.9,1
CENTRO STORICO PIEDICASTELLO,Other,5,2,3.1,1.5,8.199999999999999,1
ARGENTARIO,Other,8,12,113.1,2.4,13.6,1
CENTRO STORICO PIEDICASTELLO,Other,3,1,0.8,0.9,2.4,3
S.GIUSEPPE-S.CHIARA,Other,11,8,50.3,3.3,13.5,1
OLTREFERSINA,Other,25,11,95,7.5,58.1,1
GARDOLO,Other,4,2,3.1,1.2,1.2,2
BONDONE,Other,5,4,12.6,1.5,28.1,1
MEANO,Other,6,3,7.1,1.8,4.1,3
POVO,Celtis australis,8,5,19.6,2.4,3.9,3
S.GIUSEPPE-S.CHIARA,Other,2,1.5,1.8,0.6,4.3,2
CENTRO STORICO PIEDICASTELLO,Other,12,2,3.1,3.6,7.6,1
MATTARELLO,Other,10,4,12.6,3,9.199999999999999,1
S.GIUSEPPE-S.CHIARA,Aesculus hippocastanum,8,7,38.5,2.4,16.7,2
S.GIUSEPPE-S.CHIARA,Other,6,6,28.3,1.8,25.5,1
S.GIUSEPPE-S.CHIARA,Other,9,8,50.3,2.7,20.4,1
S.GIUSEPPE-S.CHIARA,Other,3.5,1.5,1.8,1,1.5,1
OLTREFERSINA,Other,6,5,19.6,1.8,11.6,1
S.GIUSEPPE-S.CHIARA,Other,3,3.5,9.6,0.9,7,1
ARGENTARIO,Other,15,12,113.1,4.5,70.3,1
CENTRO STORICO PIEDICASTELLO,Carpinus betulus,20,4,12.6,6,1,1
S.GIUSEPPE-S.CHIARA,Other,2,1,0.8,0.6,2.1,4
RAVINA-ROMAGNANO,Other,8,4,12.6,2.4,15.4,1
CENTRO STORICO PIEDICASTELLO,Celtis australis,9,12,113.1,2.7,3.1,1
S.GIUSEPPE-S.CHIARA,Other,6,4,12.6,1.8,13.3,1
CENTRO STORICO PIEDICASTELLO,Celtis australis,12,8,50.3,3.6,4.7,2
CENTRO STORICO PIEDICASTELLO,Other,15,3,7.1,4.5,10.7,1
CENTRO STORICO PIEDICASTELLO,Other,7,6,28.3,2.1,10.6,1
CENTRO STORICO PIEDICASTELLO,Celtis australis,15,11,95,4.5,5.8,1
S.GIUSEPPE-S.CHIARA,Other,6,5,19.6,1.8,3.7,1
OLTREFERSINA,Other,4,1.5,1.8,1.2,2.3,1
CENTRO STORICO PIEDICASTELLO,Platanus x hispanica,16,15,176.7,4.8,42,1
OLTREFERSINA,Celtis australis,12,10,78.5,3.6,4.8,2
S.GIUSEPPE-S.CHIARA,Other,26,12,113.1,7.8,54.6,2
OLTREFERSINA,Platanus x hispanica,4,3,7.1,1.2,4.1,3
CENTRO STORICO PIEDICASTELLO,Other,7.7,4.1,13.3,2.3,14,1
CENTRO STORICO PIEDICASTELLO,Other,7.5,7.5,44.2,2.3,13.1,1
GARDOLO,Platanus x hispanica,6,3,7.1,1.8,6.5,2
GARDOLO,Other,3,1,0.8,0.9,1.7,1
S.GIUSEPPE-S.CHIARA,Other,11,5.5,23.8,3.3,7.6,1
CENTRO STORICO PIEDICASTELLO,Other,10,12,113.1,3,21.1,1
VILLAZZANO,Other,4,4,12.6,1.2,17.1,1
S.GIUSEPPE-S.CHIARA,Carpinus betulus,5,3,7.1,1.5,5.6,2
S.GIUSEPPE-S.CHIARA,Aesculus hippocastanum,3.5,1.5,1.8,1,3.4,1
S.GIUSEPPE-S.CHIARA,Other,16,7,38.5,4.8,42.3,2
OLTREFERSINA,Other,6,4,12.6,1.8,14.1,3
OLTREFERSINA,Aesculus hippocastanum,9.5,7,38.5,2.8,12.3,1
OLTREFERSINA,Other,12,8,50.3,3.6,12.4,1
OLTREFERSINA,Other,5,5,19.6,1.5,6.4,1
CENTRO STORICO PIEDICASTELLO,Other,4,2,3.1,1.2,3.8,2
GARDOLO,Tilia cordata,16,9,63.6,4.8,19.2,1
OLTREFERSINA,Other,8,3,7.1,2.4,12.1,2
S.GIUSEPPE-S.CHIARA,Other,8,5,19.6,2.4,15.1,1
OLTREFERSINA,Other,5,3,7.1,1.5,20.5,1
CENTRO STORICO PIEDICASTELLO,Other,12,9,63.6,3.6,10.2,1
CENTRO STORICO PIEDICASTELLO,Other,10,4,12.6,3,6.2,1
CENTRO STORICO PIEDICASTELLO,Other,14,8,50.3,4.2,12.2,1
OLTREFERSINA,Other,4,1,0.8,1.2,4.8,2
S.GIUSEPPE-S.CHIARA,Aesculus hippocastanum,8,8,50.3,2.4,25.5,2
S.GIUSEPPE-S.CHIARA,Other,4.5,2.5,4.9,1.3,4.1,1
S.GIUSEPPE-S.CHIARA,Carpinus betulus,9,5,19.6,2.7,17.9,1
OLTREFERSINA,Carpinus betulus,10.5,6,28.3,3.2,12.8,1
MATTARELLO,Other,14,1,0.8,4.2,22.3,6
OLTREFERSINA,Other,12,6,28.3,3.6,8.300000000000001,8
OLTREFERSINA,Other,22,26,530.9,6.6,13.3,1
OLTREFERSINA,Other,2,2,3.1,0.6,4.3,1
S.GIUSEPPE-S.CHIARA,Other,11,6,28.3,3.3,44,1
BONDONE,Other,10,1,0.8,3,16.3,3
POVO,Celtis australis,5,4,12.6,1.5,3.6,1
CENTRO STORICO PIEDICASTELLO,Tilia cordata,20,7,38.5,6,33.2,1
CENTRO STORICO PIEDICASTELLO,Other,14,11,95,4.2,0.5,1
GARDOLO,Other,4,2,3.1,1.2,5.8,1
GARDOLO,Other,6,5,19.6,1.8,5,4
RAVINA-ROMAGNANO,Other,8,8,50.3,2.4,11.7,1
S.GIUSEPPE-S.CHIARA,Other,9,7,38.5,2.7,17.9,1
S.GIUSEPPE-S.CHIARA,Other,14,12,113.1,4.2,37.7,1
CENTRO STORICO PIEDICASTELLO,Other,15,6,28.3,4.5,14,1
ARGENTARIO,Other,4,1.5,1.8,1.2,2,12
S.GIUSEPPE-S.CHIARA,Other,8,8,50.3,2.4,26.2,1
S.GIUSEPPE-S.CHIARA,Other,4.5,6,28.3,1.4,8,1
CENTRO STORICO PIEDICASTELLO,Other,6.5,8,50.3,1.9,12.2,1
CENTRO STORICO PIEDICASTELLO,Celtis australis,4,5,19.6,1.2,2.3,1
OLTREFERSINA,Other,5,4,12.6,1.5,17.1,1
GARDOLO,Other,6,3,7.1,1.8,8.199999999999999,7
S.GIUSEPPE-S.CHIARA,Other,15,9,63.6,4.5,61.8,1
S.GIUSEPPE-S.CHIARA,Other,10,7,38.5,3,24.9,1
S.GIUSEPPE-S.CHIARA,Other,11.7,3.7,10.7,3.5,28.6,1
GARDOLO,Celtis australis,4.5,3,7.1,1.3,1.7,2
CENTRO STORICO PIEDICASTELLO,Other,4,2,3.1,1.2,2.7,2
CENTRO STORICO PIEDICASTELLO,Other,12,12,113.1,3.6,61.8,1
CENTRO STORICO PIEDICASTELLO,Celtis australis,7,7,38.5,2.1,3,2
S.GIUSEPPE-S.CHIARA,Other,7,3,7.1,2.1,6,1
GARDOLO,Platanus x hispanica,9,8,50.3,2.7,8.6,1
ARGENTARIO,Other,3,1,0.8,0.9,5.2,1
CENTRO STORICO PIEDICASTELLO,Other,5,4,12.6,1.5,15.5,2
CENTRO STORICO PIEDICASTELLO,Other,9,8,50.3,2.7,25.1,1
CENTRO STORICO PIEDICASTELLO,Other,6.7,5,19.6,2,12.6,30
VILLAZZANO,Other,8,7,38.5,2.4,23.9,2
GARDOLO,Other,5,3,7.1,1.5,6.9,1
S.GIUSEPPE-S.CHIARA,Other,5,4,12.6,1.5,8.6,1
OLTREFERSINA,Celtis australis,14,12,113.1,4.2,5.8,1
CENTRO STORICO PIEDICASTELLO,Other,8,8,50.3,2.4,29.8,2
OLTREFERSINA,Other,16,13,132.7,4.8,34.6,1
CENTRO STORICO PIEDICASTELLO,Other,16,11,95,4.8,35.1,1
BONDONE,Other,3,1,0.8,0.9,5.1,20
S.GIUSEPPE-S.CHIARA,Aesculus hippocastanum,9,8,50.3,2.7,30.5,1
CENTRO STORICO PIEDICASTELLO,Other,11,4,12.6,3.3,8.6,1
OLTREFERSINA,Other,6,4,12.6,1.8,3.9,2
S.GIUSEPPE-S.CHIARA,Aesculus hippocastanum,3.5,1.5,1.8,1,2.9,3
CENTRO STORICO PIEDICASTELLO,Other,20,7,38.5,6,33.3,1
CENTRO STORICO PIEDICASTELLO,Other,18,3,7.1,5.4,69.40000000000001,1
MATTARELLO,Other,5,3,7.1,1.5,7.5,8
CENTRO STORICO PIEDICASTELLO,Platanus x hispanica,10,6,28.3,3,31.4,1
CENTRO STORICO PIEDICASTELLO,Other,6,3,7.1,1.8,7,1
S.GIUSEPPE-S.CHIARA,Other,10,10,78.5,3,48.8,1
OLTREFERSINA,Other,2,2,3.1,0.6,1.3,1
CENTRO STORICO PIEDICASTELLO,Platanus x hispanica,20,12,113.1,6,97.2,1
OLTREFERSINA,Other,18,10,78.5,5.4,20.3,1
S.GIUSEPPE-S.CHIARA,Other,15,6,28.3,4.5,8.699999999999999,1
CENTRO STORICO PIEDICASTELLO,Other,9,6,28.3,2.7,19.5,1
OLTREFERSINA,Celtis australis,12,8,50.3,3.6,4.5,1
CENTRO STORICO PIEDICASTELLO,Other,6,5,19.6,1.8,18,1
CENTRO STORICO PIEDICASTELLO,Celtis australis,13,12.5,122.7,3.9,5.3,1
VILLAZZANO,Other,5,8,50.3,1.5,14.3,1
OLTREFERSINA,Other,12,6,28.3,3.6,16.4,1
OLTREFERSINA,Other,7,2,3.1,2.1,6.1,1
CENTRO STORICO PIEDICASTELLO,Other,2,1,0.8,0.6,2.8,1
CENTRO STORICO PIEDICASTELLO,Other,14,6,28.3,4.2,52,1
CENTRO STORICO PIEDICASTELLO,Other,5,4,12.6,1.5,8.4,1
CENTRO STORICO PIEDICASTELLO,Celtis australis,8,11,95,2.4,5.4,1
S.GIUSEPPE-S.CHIARA,Aesculus hippocastanum,7,5,19.6,2.1,15,1
GARDOLO,Tilia cordata,4,2,3.1,1.2,2.2,1
OLTREFERSINA,Other,4,3,7.1,1.2,3.8,1
S.GIUSEPPE-S.CHIARA,Platanus x hispanica,25,21,346.4,7.5,21.7,1
OLTREFERSINA,Other,19,9,63.6,5.7,29.8,1
CENTRO STORICO PIEDICASTELLO,Other,24,20,314.2,7.2,82.59999999999999,1
CENTRO STORICO PIEDICASTELLO,Other,12,5,19.6,3.6,7.1,1
S.GIUSEPPE-S.CHIARA,Other,8,6,28.3,2.4,6,1
OLTREFERSINA,Celtis australis,12,10,78.5,3.6,5.3,2
S.GIUSEPPE-S.CHIARA,Other,10,8,50.3,3,45.7,1
GARDOLO,Carpinus betulus,2.5,2,3.1,0.8,4,1
CENTRO STORICO PIEDICASTELLO,Other,8,5,19.6,2.4,12.7,1
ARGENTARIO,Other,5,6,28.3,1.5,15.7,2
S.GIUSEPPE-S.CHIARA,Other,4,2.5,4.9,1.2,6,1
CENTRO STORICO PIEDICASTELLO,Other,5,3,7.1,1.5,4.6,1
GARDOLO,Other,5,3,7.1,1.5,1.9,1
S.GIUSEPPE-S.CHIARA,Other,6,7,38.5,1.8,10,1
OLTREFERSINA,Other,4.5,2,3.1,1.3,1.8,1
POVO,Tilia cordata,5,2.5,4.9,1.5,3.4,1
CENTRO STORICO PIEDICASTELLO,Other,7,7,38.5,2.1,19,1
OLTREFERSINA,Other,10,6,28.3,3,32.4,1
S.GIUSEPPE-S.CHIARA,Other,15,4,12.6,4.5,15.6,1
S.GIUSEPPE-S.CHIARA,Other,6.5,3.5,9.6,1.9,3.9,1
BONDONE,Other,6,8,50.3,1.8,17.1,1
S.GIUSEPPE-S.CHIARA,Other,14,14,153.9,4.2,33.7,1
CENTRO STORICO PIEDICASTELLO,Aesculus hippocastanum,10,5,19.6,3,30.7,1
GARDOLO,Other,4,1.5,1.8,1.2,8,1
BONDONE,Tilia cordata,6,5,19.6,1.8,7,1
OLTREFERSINA,Other,10,5,19.6,3,5.4,3
S.GIUSEPPE-S.CHIARA,Aesculus hippocastanum,9,8,50.3,2.7,23.8,1
S.GIUSEPPE-S.CHIARA,Aesculus hippocastanum,8,4,12.6,2.4,21,2
OLTREFERSINA,Celtis australis,10,7,38.5,3,4.7,1
CENTRO STORICO PIEDICASTELLO,Celtis australis,9,9,63.6,2.7,5.2,1
S.GIUSEPPE-S.CHIARA,Celtis australis,8,3,7.1,2.4,3.4,1
CENTRO STORICO PIEDICASTELLO,Other,23,8,50.3,6.9,21.7,1
SARDAGNA,Other,5,1.5,1.8,1.5,3,1
VILLAZZANO,Other,5,3,7.1,1.5,5.3,1
MATTARELLO,Platanus x hispanica,13,10,78.5,3.9,23.8,1
S.GIUSEPPE-S.CHIARA,Platanus x hispanica,12,7,38.5,3.6,29.2,1
S.GIUSEPPE-S.CHIARA,Other,10,2,3.1,3,3.4,1
MEANO,Other,4,1,0.8,1.2,4.9,1
OLTREFERSINA,Other,10,5,19.6,3,15.3,1
S.GIUSEPPE-S.CHIARA,Other,12,12,113.1,3.6,38.2,1
S.GIUSEPPE-S.CHIARA,Other,4,2,3.1,1.2,3.2,3
S.GIUSEPPE-S.CHIARA,Carpinus betulus,4,2,3.1,1.2,4.5,1
ARGENTARIO,Other,5,9,63.6,1.5,7.3,2
OLTREFERSINA,Other,10,8,50.3,3,30.1,1
S.GIUSEPPE-S.CHIARA,Other,2.5,5.3,21.7,0.8,11.5,1
S.GIUSEPPE-S.CHIARA,Other,10,10,78.5,3,97.5,1
OLTREFERSINA,Other,7.5,6,28.3,2.3,9.699999999999999,1
S.GIUSEPPE-S.CHIARA,Other,8,7,38.5,2.4,13.3,1
GARDOLO,Other,5,4,12.6,1.5,3.2,1
CENTRO STORICO PIEDICASTELLO,Other,10,8,50.3,3,24,1
S.GIUSEPPE-S.CHIARA,Platanus x hispanica,26,22,380.1,7.8,93.09999999999999,1
CENTRO STORICO PIEDICASTELLO,Aesculus hippocastanum,8,6,28.3,2.4,15.1,1
CENTRO STORICO PIEDICASTELLO,Other,10,12,113.1,3,20.9,1
GARDOLO,Other,7.5,5,20,2.2,22.5,2
ARGENTARIO,Other,14,7,38.5,4.2,11.2,1
OLTREFERSINA,Other,5,5,19.6,1.5,20.7,1
CENTRO STORICO PIEDICASTELLO,Celtis australis,7,11,95,2.1,3.4,2
CENTRO STORICO PIEDICASTELLO,Other,13,11,95,3.9,33.2,1
OLTREFERSINA,Other,7,5,19.6,2.1,13.7,2
CENTRO STORICO PIEDICASTELLO,Other,4.5,5,19.6,1.3,5.2,1
CENTRO STORICO PIEDICASTELLO,Other,11,8,50.3,3.3,51.2,1
S.GIUSEPPE-S.CHIARA,Other,5.5,3,7.1,1.7,6.2,1
OLTREFERSINA,Other,11,3,7.1,3.3,12.8,1
OLTREFERSINA,Celtis australis,5.5,4,12.6,1.7,2.4,1
S.GIUSEPPE-S.CHIARA,Aesculus hippocastanum,13,10,78.5,3.9,53.5,1
VILLAZZANO,Other,6,3,7.1,1.8,25.3,1
OLTREFERSINA,Other,7,6,28.3,2.1,3.9,1
CENTRO STORICO PIEDICASTELLO,Other,7,7,38.5,2.1,24.1,1
OLTREFERSINA,Aesculus hippocastanum,10,12,113.1,3,41.2,1
CENTRO STORICO PIEDICASTELLO,Carpinus betulus,7,4,12.6,2.1,14.8,1
OLTREFERSINA,Aesculus hippocastanum,6,12,113.1,1.8,19,1
OLTREFERSINA,Other,6,3,7.1,1.8,11,2
VILLAZZANO,Other,8,6,28.3,2.4,29,1
RAVINA-ROMAGNANO,Aesculus hippocastanum,6,7,38.5,1.8,18.1,1
OLTREFERSINA,Other,6.6,4.3,14.5,2,11.7,1
ARGENTARIO,Other,3,1,0.8,0.9,4.6,7
OLTREFERSINA,Carpinus betulus,8,8,50.3,2.4,4.7,2
S.GIUSEPPE-S.CHIARA,Other,3.5,3,7.1,1,3.4,1
OLTREFERSINA,Other,5,1,0.8,1.5,4,3
CENTRO STORICO PIEDICASTELLO,Other,16,6,28.3,4.8,46.1,1
ARGENTARIO,Celtis australis,12,10,78.5,3.6,4.1,1
OLTREFERSINA,Other,10,8,50.3,3,14.8,1
OLTREFERSINA,Other,14,12,113.1,4.2,16.2,1
CENTRO STORICO PIEDICASTELLO,Celtis australis,14,6,28.3,4.2,5.8,1
S.GIUSEPPE-S.CHIARA,Other,7,3,7.1,2.1,12.2,1
OLTREFERSINA,Other,6,4,12.6,1.8,7.8,2
S.GIUSEPPE-S.CHIARA,Other,12,8,50.3,3.6,14.4,1
ARGENTARIO,Celtis australis,6,5,19.6,1.8,3.9,1
S.GIUSEPPE-S.CHIARA,Other,10,7,38.5,3,9.699999999999999,4
GARDOLO,Tilia cordata,6,4,12.6,1.8,5.1,2
S.GIUSEPPE-S.CHIARA,Other,6,4,12.6,1.8,2.3,1
S.GIUSEPPE-S.CHIARA,Aesculus hippocastanum,8,5,19.6,2.4,52.5,1
CENTRO STORICO PIEDICASTELLO,Celtis australis,5,6,28.3,1.5,3.4,1
S.GIUSEPPE-S.CHIARA,Other,14,9,63.6,4.2,52,1
CENTRO STORICO PIEDICASTELLO,Other,5,4,12.6,1.5,4.1,1
OLTREFERSINA,Other,6,6,28.3,1.8,14.1,1
GARDOLO,Other,5,4,12.6,1.5,9,1
OLTREFERSINA,Other,10,8,50.3,3,28.2,1
CENTRO STORICO PIEDICASTELLO,Aesculus hippocastanum,5,4,12.6,1.5,3,1
OLTREFERSINA,Other,4.5,5,19.6,1.3,6.8,1
OLTREFERSINA,Other,10,6,28.3,3,6,1
CENTRO STORICO PIEDICASTELLO,Other,6,3.1,7.5,1.8,3.8,1
GARDOLO,Other,8,8,50.3,2.4,22.7,1
CENTRO STORICO PIEDICASTELLO,Other,4.5,2.5,4.9,1.3,12.3,1
GARDOLO,Other,6,6,28.3,1.8,3,1
S.GIUSEPPE-S.CHIARA,Other,4.5,4.5,15.9,1.3,9.800000000000001,1
VILLAZZANO,Other,6,3,7.1,1.8,11.6,2
ARGENTARIO,Other,5,6,28.3,1.5,6.9,2
CENTRO STORICO PIEDICASTELLO,Other,4,2,3.1,1.2,10,1
BONDONE,Other,4,2,3.1,1.2,2.5,1
CENTRO STORICO PIEDICASTELLO,Other,17,2,3.1,5.1,42.8,1
OLTREFERSINA,Aesculus hippocastanum,12,9,63.6,3.6,36.1,1
OLTREFERSINA,Celtis australis,13,11,95,3.9,4.2,1
S.GIUSEPPE-S.CHIARA,Other,12,4,12.6,3.6,8.5,1
S.GIUSEPPE-S.CHIARA,Other,26,12,113.1,7.8,58.4,1
CENTRO STORICO PIEDICASTELLO,Platanus x hispanica,28,25,490.9,8.4,0.7,1
ARGENTARIO,Other,5,3,7.1,1.5,5.5,1
OLTREFERSINA,Other,4.5,5,19.6,1.3,4.8,1
OLTREFERSINA,Aesculus hippocastanum,12,3.5,9.6,3.6,11.1,1
OLTREFERSINA,Tilia cordata,6,6,28.3,1.8,5.6,2
ARGENTARIO,Other,8,8,50.3,2.4,10.2,1
CENTRO STORICO PIEDICASTELLO,Celtis australis,15,12,113.1,4.5,5.8,1
CENTRO STORICO PIEDICASTELLO,Tilia cordata,4.5,3,7.1,1.3,5.6,1
MATTARELLO,Other,3.5,2,3.1,1,3.3,2
ARGENTARIO,Other,8.6,2.3,4.3,2.6,31,24
CENTRO STORICO PIEDICASTELLO,Other,3.5,3,7.1,1,3.6,2
CENTRO STORICO PIEDICASTELLO,Platanus x hispanica,18,17,227,5.4,21.7,1
OLTREFERSINA,Other,16,11,95,4.8,62.5,1
POVO,Other,11,4,12.6,3.3,9.4,1
OLTREFERSINA,Other,8,6,28.3,2.4,11.3,2
OLTREFERSINA,Other,4,2,3.1,1.2,4.1,1
S.GIUSEPPE-S.CHIARA,Aesculus hippocastanum,10,4,12.6,3,50.5,1
S.GIUSEPPE-S.CHIARA,Other,3,2,3.1,0.9,3.9,1
S.GIUSEPPE-S.CHIARA,Other,9,4,12.6,2.7,4.2,2
S.GIUSEPPE-S.CHIARA,Other,14,1,0.8,4.2,15.1,1
OLTREFERSINA,Other,11,7,38.5,3.3,8.800000000000001,1
S.GIUSEPPE-S.CHIARA,Other,4,3,7.1,1.2,5.6,1
S.GIUSEPPE-S.CHIARA,Other,5.5,2,3.1,1.7,4.5,1
CENTRO STORICO PIEDICASTELLO,Other,11,5,19.6,3.3,9.6,1
CENTRO STORICO PIEDICASTELLO,Carpinus betulus,7,5,19.6,2.1,15.5,1
OLTREFERSINA,Other,17,7,38.5,5.1,111,1
VILLAZZANO,Other,20,9,63.6,6,49.9,1
CENTRO STORICO PIEDICASTELLO,Other,10,8,50.3,3,17.6,1
CENTRO STORICO PIEDICASTELLO,Other,4,4,12.6,1.2,5.6,1
S.GIUSEPPE-S.CHIARA,Aesculus hippocastanum,9,7,38.5,2.7,18.5,1
RAVINA-ROMAGNANO,Other,6,7,38.5,1.8,26,2
CENTRO STORICO PIEDICASTELLO,Carpinus betulus,8,5,19.6,2.4,12.8,1
CENTRO STORICO PIEDICASTELLO,Other,16,6,28.3,4.8,44,1
OLTREFERSINA,Celtis australis,7.5,6,28.3,2.3,2.1,1
CENTRO STORICO PIEDICASTELLO,Other,7,6,28.3,2.1,5.4,1
S.GIUSEPPE-S.CHIARA,Carpinus betulus,7,2,3.1,2.1,1.7,1
S.GIUSEPPE-S.CHIARA,Other,4,4.5,15.9,1.2,4.1,1
OLTREFERSINA,Celtis australis,12,10,78.5,3.6,3.9,4
OLTREFERSINA,Tilia cordata,5,2,3.1,1.5,2.2,1
CENTRO STORICO PIEDICASTELLO,Carpinus betulus,6,3,7.1,1.8,9.9,1
S.GIUSEPPE-S.CHIARA,Other,6,12,113.1,1.8,17.4,1
RAVINA-ROMAGNANO,Other,4,2,3.1,1.2,16.2,1
S.GIUSEPPE-S.CHIARA,Other,5,3.5,9.6,1.5,6.7,1
OLTREFERSINA,Other,13,6,28.3,3.9,15,1
GARDOLO,Other,13,5,19.6,3.9,11.3,2
S.GIUSEPPE-S.CHIARA,Aesculus hippocastanum,12,10,78.5,3.6,49.7,1
GARDOLO,Other,7,3,7.1,2.1,6.4,2
S.GIUSEPPE-S.CHIARA,Other,11,6,28.3,3.3,21.5,2
S.GIUSEPPE-S.CHIARA,Other,6,3,7.1,1.8,29.5,1
CENTRO STORICO PIEDICASTELLO,Other,7,4,12.6,2.1,7.7,1
CENTRO STORICO PIEDICASTELLO,Platanus x hispanica,26,24,452.4,7.8,21.7,1
GARDOLO,Platanus x hispanica,12,7,38.5,3.6,17.9,1
GARDOLO,Other,13,5,19.6,3.9,8.4,1
S.GIUSEPPE-S.CHIARA,Other,11,9,63.6,3.3,42.6,1
S.GIUSEPPE-S.CHIARA,Other,5,4,12.6,1.5,11.1,1
OLTREFERSINA,Other,6,6,28.3,1.8,10,2
OLTREFERSINA,Other,4,1,0.8,1.2,4.1,3
S.GIUSEPPE-S.CHIARA,Other,7,4,12.6,2.1,26,1
OLTREFERSINA,Other,11,7,38.5,3.3,22.2,1
S.GIUSEPPE-S.CHIARA,Other,7,6,28.3,2.1,7.5,1
GARDOLO,Other,0.8,5.3,21.7,0.2,16.4,1
OLTREFERSINA,Other,7,5,19.8,2.1,12.3,1
OLTREFERSINA,Other,7,4,12.6,2.1,35.1,1
OLTREFERSINA,Other,18,5,19.6,5.4,19.7,2
OLTREFERSINA,Other,7,6,28.3,2.1,16.3,7
S.GIUSEPPE-S.CHIARA,Aesculus hippocastanum,3.5,2.5,4.9,1,4.3,3
CENTRO STORICO PIEDICASTELLO,Other,9,13,132.7,2.7,24.5,1
OLTREFERSINA,Other,14,4,12.6,4.2,20.5,1
OLTREFERSINA,Other,5,7,38.5,1.5,12.1,1
MEANO,Celtis australis,5,4,12.6,1.5,2.7,1
CENTRO STORICO PIEDICASTELLO,Other,6,2,3.1,1.8,5.5,1
OLTREFERSINA,Celtis australis,5,1,0.8,1.5,2.1,1
S.GIUSEPPE-S.CHIARA,Other,12,9,63.6,3.6,14.4,1
S.GIUSEPPE-S.CHIARA,Other,4,1.5,1.8,1.2,4.7,1
CENTRO STORICO PIEDICASTELLO,Other,7,9,63.6,2.1,17.8,1
GARDOLO,Other,7,5,19.6,2.1,7.4,1
CENTRO STORICO PIEDICASTELLO,Other,3.5,4,12.6,1,10.4,1
OLTREFERSINA,Other,6,3,7.1,1.8,12.1,1
S.GIUSEPPE-S.CHIARA,Other,7,6,28.3,2.1,20.4,1
S.GIUSEPPE-S.CHIARA,Other,9,4,12.6,2.7,8,1
OLTREFERSINA,Other,4,6,28.3,1.2,3.9,1
CENTRO STORICO PIEDICASTELLO,Celtis australis,14,9,63.6,4.2,0.2,1
OLTREFERSINA,Other,4,3,7.1,1.2,4.9,2
S.GIUSEPPE-S.CHIARA,Other,24,15,176.7,7.2,5,1
CENTRO STORICO PIEDICASTELLO,Carpinus betulus,6,4,12.6,1.8,9.5,1
CENTRO STORICO PIEDICASTELLO,Aesculus hippocastanum,9,7,38.5,2.7,41.1,1
S.GIUSEPPE-S.CHIARA,Other,5,4,12.6,1.5,9.300000000000001,1
CENTRO STORICO PIEDICASTELLO,Platanus x hispanica,24,18,254.5,7.2,88.7,1
CENTRO STORICO PIEDICASTELLO,Other,18,7,38.5,5.4,46.1,1
S.GIUSEPPE-S.CHIARA,Other,9,3,7.1,2.7,7.3,1
VILLAZZANO,Other,5,3,7.1,1.5,5,1
CENTRO STORICO PIEDICASTELLO,Platanus x hispanica,18,15,176.7,5.4,17.8,1
OLTREFERSINA,Other,8,6,28.3,2.4,11.6,2
CENTRO STORICO PIEDICASTELLO,Other,7,6,28.3,2.1,4.2,1
OLTREFERSINA,Other,7.7,5.3,22.3,2.3,10.7,1
S.GIUSEPPE-S.CHIARA,Other,6,4,12.6,1.8,13,1
CENTRO STORICO PIEDICASTELLO,Aesculus hippocastanum,8,11,95,2.4,40.9,1
GARDOLO,Other,7,6,28.3,2.1,5.6,2
S.GIUSEPPE-S.CHIARA,Other,12,8,50.3,3.6,22.5,1
OLTREFERSINA,Other,4,3.5,9.6,1.2,4.5,1
CENTRO STORICO PIEDICASTELLO,Other,6,3.5,9.6,1.8,17,1
OLTREFERSINA,Other,9,6,28.3,2.7,21.2,1
GARDOLO,Platanus x hispanica,7,2,3.1,2.1,4.1,1
S.GIUSEPPE-S.CHIARA,Other,12,4,12.6,3.6,15.1,2
CENTRO STORICO PIEDICASTELLO,Other,7,2,3.1,2.1,6.8,2
OLTREFERSINA,Other,10,8,50.3,3,21.2,1
S.GIUSEPPE-S.CHIARA,Other,20,12,113.1,6,52.6,1
S.GIUSEPPE-S.CHIARA,Other,12,11,95,3.6,17.4,1
CENTRO STORICO PIEDICASTELLO,Platanus x hispanica,5,2.5,4.9,1.5,4.1,1
GARDOLO,Other,17,6,28.3,5.1,54.3,1
VILLAZZANO,Other,12,12,113.1,3.6,21.4,1
POVO,Other,12,4,12.6,3.6,10,1
GARDOLO,Other,3,3,7.1,0.9,7.9,1
OLTREFERSINA,Other,9,8,50.3,2.7,18.6,1
OLTREFERSINA,Other,5,5,19.6,1.5,16,1
GARDOLO,Platanus x hispanica,4,2.5,4.9,1.2,4.1,1
CENTRO STORICO PIEDICASTELLO,Celtis australis,13,12.5,122.7,3.9,5.4,2
S.GIUSEPPE-S.CHIARA,Celtis australis,8,7,38.5,2.4,2.6,1
BONDONE,Aesculus hippocastanum,7,6,28.3,2.1,27.2,1
CENTRO STORICO PIEDICASTELLO,Other,6,5,19.6,1.8,13.1,1
OLTREFERSINA,Other,3,1,0.8,0.9,2.7,2
CENTRO STORICO PIEDICASTELLO,Other,8,7,38.5,2.4,27.3,1
S.GIUSEPPE-S.CHIARA,Celtis australis,8,9,63.6,2.4,5.6,1
OLTREFERSINA,Other,12,9,63.6,3.6,30.2,1
CENTRO STORICO PIEDICASTELLO,Other,4,4,12.6,1.2,7.4,1
GARDOLO,Other,6,6,28.3,1.8,4.3,8
OLTREFERSINA,Other,6,2,3.1,1.8,9.4,7
S.GIUSEPPE-S.CHIARA,Aesculus hippocastanum,11,10,78.5,3.3,29.8,1
VILLAZZANO,Other,14,6,28.3,4.2,30.4,1
S.GIUSEPPE-S.CHIARA,Other,4,4,12.6,1.2,11.5,1
S.GIUSEPPE-S.CHIARA,Other,4,2,3.1,1.2,2.8,2
GARDOLO,Other,8,4,12.6,2.4,2.8,6
GARDOLO,Other,15,4,12.6,4.5,23.6,1
S.GIUSEPPE-S.CHIARA,Other,10,8,50.3,3,20.5,1
OLTREFERSINA,Other,6.5,4,12.6,1.9,6.5,1
S.GIUSEPPE-S.CHIARA,Other,7,4,12.6,2.1,11,1
S.GIUSEPPE-S.CHIARA,Aesculus hippocastanum,5.5,5,19.6,1.7,5,1
OLTREFERSINA,Other,7,8,50.3,2.1,6.3,1
GARDOLO,Platanus x hispanica,5,3,7.1,1.5,5.2,2
S.GIUSEPPE-S.CHIARA,Other,3,2.5,4.9,0.9,4.3,3
S.GIUSEPPE-S.CHIARA,Other,9,9,63.6,2.7,20.6,1
OLTREFERSINA,Other,6,3,7.1,1.8,19.7,1
GARDOLO,Other,5,2,3.1,1.5,9,1
OLTREFERSINA,Other,8,5,19.6,2.4,9.5,1
S.GIUSEPPE-S.CHIARA,Other,6,3,7.1,1.8,3.6,10
SARDAGNA,Other,3,1.5,1.8,0.9,3.2,1
CENTRO STORICO PIEDICASTELLO,Other,6,3.5,9.6,1.8,5.1,1
OLTREFERSINA,Other,11,7,38.5,3.3,6.4,1
CENTRO STORICO PIEDICASTELLO,Other,9,1,0.8,2.7,16.3,2
GARDOLO,Other,6,1,0.8,1.8,6.1,1
S.GIUSEPPE-S.CHIARA,Aesculus hippocastanum,7,6,28.3,2.1,15,1
S.GIUSEPPE-S.CHIARA,Other,14,10,78.5,4.2,27.9,1
S.GIUSEPPE-S.CHIARA,Other,5,2,3.1,1.5,4.5,1
RAVINA-ROMAGNANO,Other,6,7,38.5,1.8,18.7,4
S.GIUSEPPE-S.CHIARA,Celtis australis,6,6,28.3,1.8,5.3,1
CENTRO STORICO PIEDICASTELLO,Other,8,4,12.6,2.4,4.8,1
OLTREFERSINA,Other,8,5,19.6,2.4,18.8,1
MATTARELLO,Other,5,3,7.1,1.5,13,3
S.GIUSEPPE-S.CHIARA,Other,5,2,3.1,1.5,7.6,1
S.GIUSEPPE-S.CHIARA,Platanus x hispanica,16,16,201.1,4.8,54.7,1
MEANO,Other,8.6,2.3,4.3,2.6,31,20
OLTREFERSINA,Celtis australis,8,7,38.5,2.4,2.3,1
VILLAZZANO,Tilia cordata,7,4,12.6,2.1,4.2,1
VILLAZZANO,Other,10,3,7.1,3,7.1,1
CENTRO STORICO PIEDICASTELLO,Other,9,5,19.6,2.7,13,1
OLTREFERSINA,Other,21,5,19.6,6.3,15.9,1
S.GIUSEPPE-S.CHIARA,Other,10,6,28.3,3,21.2,1
S.GIUSEPPE-S.CHIARA,Other,5.5,4.5,15.9,1.7,10.1,1
OLTREFERSINA,Other,6,4,12.6,1.8,1.5,1
OLTREFERSINA,Carpinus betulus,10,6,28.3,3,12.8,1
S.GIUSEPPE-S.CHIARA,Other,17,6,28.3,5.1,10.2,1
POVO,Other,5,3,7.1,1.5,20.8,1
ARGENTARIO,Other,1.9,0.4,0.1,0.6,8.699999999999999,2
MEANO,Other,5,5,19.6,1.5,20.4,1
ARGENTARIO,Other,12,5,19.6,3.6,24,1
CENTRO STORICO PIEDICASTELLO,Platanus x hispanica,26,20,314.2,7.8,11.4,1
OLTREFERSINA,Other,6,4,12.6,1.8,5.8,1
S.GIUSEPPE-S.CHIARA,Other,11,8,50.3,3.3,20.4,1
OLTREFERSINA,Other,9,3,7.1,2.7,3.9,2
CENTRO STORICO PIEDICASTELLO,Platanus x hispanica,24,18,254.5,7.2,0.7,1
S.GIUSEPPE-S.CHIARA,Other,5,3,7.1,1.5,9.4,2
OLTREFERSINA,Other,28,16,201.1,8.4,50,1
OLTREFERSINA,Other,8,6,28.3,2.4,8.6,1
S.GIUSEPPE-S.CHIARA,Other,5,4,12.6,1.5,10,2
GARDOLO,Other,12,5,19.6,3.6,24.5,1
OLTREFERSINA,Other,1,5.3,21.7,0.3,22.2,1
RAVINA-ROMAGNANO,Other,5,4,12.6,1.5,26.9,5
VILLAZZANO,Other,5,7,38.5,1.5,19.9,1
S.GIUSEPPE-S.CHIARA,Other,22,8,50.3,6.6,21.2,1
RAVINA-ROMAGNANO,Other,7,10,78.5,2.1,8.699999999999999,1
OLTREFERSINA,Other,3.5,3,7.1,1,4.9,1
OLTREFERSINA,Other,5,3,7.1,1.5,9.6,1
S.GIUSEPPE-S.CHIARA,Other,4,2,3.1,1.2,4,1
CENTRO STORICO PIEDICASTELLO,Platanus x hispanica,16,12,113.1,4.8,93.09999999999999,1
GARDOLO,Other,6,3,7.1,1.8,7.3,1
CENTRO STORICO PIEDICASTELLO,Other,3.5,2,3.1,1,3.5,1
OLTREFERSINA,Other,4,4,12.6,1.2,3.7,2
S.GIUSEPPE-S.CHIARA,Aesculus hippocastanum,8,5,19.6,2.4,46.5,1
S.GIUSEPPE-S.CHIARA,Other,16,12,113.1,4.8,41,1
CENTRO STORICO PIEDICASTELLO,Other,6,4,12.6,1.8,3.6,1
CENTRO STORICO PIEDICASTELLO,Platanus x hispanica,12,9,63.6,3.6,24.9,1
VILLAZZANO,Other,20,8,50.3,6,43.2,1
CENTRO STORICO PIEDICASTELLO,Other,4,3,7.1,1.2,6.2,3
SARDAGNA,Other,4,2,3.1,1.2,3.8,3
CENTRO STORICO PIEDICASTELLO,Platanus x hispanica,6,3.5,9.6,1.8,5.2,1
POVO,Aesculus hippocastanum,8,4,12.6,2.4,46.5,1
CENTRO STORICO PIEDICASTELLO,Other,15,6,28.3,4.5,22.5,1
CENTRO STORICO PIEDICASTELLO,Other,10,8,50.3,3,45.8,1
ARGENTARIO,Other,16,4,12.6,4.8,46.1,1
OLTREFERSINA,Other,18.7,6.6,33.8,5.6,57.7,1
OLTREFERSINA,Other,10,7,38.5,3,15.4,1
CENTRO STORICO PIEDICASTELLO,Celtis australis,14,11,95,4.2,5.8,1
S.GIUSEPPE-S.CHIARA,Other,5.5,4.5,15.9,1.7,6.1,1
S.GIUSEPPE-S.CHIARA,Carpinus betulus,8,3,7.1,2.4,5.6,1
BONDONE,Other,8,4,12.6,2.4,16.8,6
CENTRO STORICO PIEDICASTELLO,Platanus x hispanica,5,1.5,1.8,1.5,3,1
GARDOLO,Carpinus betulus,5,3,7.1,1.5,4.5,3
CENTRO STORICO PIEDICASTELLO,Other,11,9,63.6,3.3,14.1,1
OLTREFERSINA,Other,10.3,6.6,34.3,3.1,17.1,4
CENTRO STORICO PIEDICASTELLO,Celtis australis,15,13,132.7,4.5,5,1
S.GIUSEPPE-S.CHIARA,Other,13,8,50.3,3.9,10.9,1
S.GIUSEPPE-S.CHIARA,Other,12.4,8.800000000000001,60.3,3.7,69.09999999999999,1
CENTRO STORICO PIEDICASTELLO,Other,20,13,132.7,6,90.8,1
CENTRO STORICO PIEDICASTELLO,Platanus x hispanica,4.5,3,7.1,1.3,4.1,1
S.GIUSEPPE-S.CHIARA,Other,10,8,50.3,3,17.8,1
S.GIUSEPPE-S.CHIARA,Carpinus betulus,6,4,12.6,1.8,5.6,1
S.GIUSEPPE-S.CHIARA,Carpinus betulus,4,2,3.1,1.2,3.5,1
S.GIUSEPPE-S.CHIARA,Other,23,9,63.6,6.9,38.8,1
S.GIUSEPPE-S.CHIARA,Other,10,4,12.6,3,15.1,1
CENTRO STORICO PIEDICASTELLO,Aesculus hippocastanum,11,10,78.5,3.3,47.1,2
CENTRO STORICO PIEDICASTELLO,Other,8,7,38.5,2.4,13.1,2
S.GIUSEPPE-S.CHIARA,Other,8,6,28.3,2.4,9.699999999999999,1
S.GIUSEPPE-S.CHIARA,Other,4.5,2.5,4.9,1.3,4.9,1
OLTREFERSINA,Other,4.5,3,7.1,1.3,10.8,1
GARDOLO,Other,4,5,19.6,1.2,17.8,1
S.GIUSEPPE-S.CHIARA,Other,10,8,50.3,3,20.8,1
CENTRO STORICO PIEDICASTELLO,Platanus x hispanica,11,9,63.6,3.3,25.9,1
S.GIUSEPPE-S.CHIARA,Other,6,4,12.6,1.8,38.8,1
S.GIUSEPPE-S.CHIARA,Carpinus betulus,7,5,19.6,2.1,9.199999999999999,1
S.GIUSEPPE-S.CHIARA,Other,20,14,153.9,6,97.3,1
RAVINA-ROMAGNANO,Other,6,7,38.5,1.8,21,1
S.GIUSEPPE-S.CHIARA,Carpinus betulus,3,2,3.1,0.9,7.9,1
MEANO,Other,5,4,12.6,1.5,2.8,1
S.GIUSEPPE-S.CHIARA,Other,9,8,50.3,2.7,35.8,1
CENTRO STORICO PIEDICASTELLO,Other,8,8,50.3,2.4,4.7,1
CENTRO STORICO PIEDICASTELLO,Other,8,6,28.3,2.4,5.5,1
CENTRO STORICO PIEDICASTELLO,Other,8,4,12.6,2.4,20,1
RAVINA-ROMAGNANO,Other,6,2,3.1,1.8,9.4,1
CENTRO STORICO PIEDICASTELLO,Other,6,2,3.1,1.8,3.1,1
OLTREFERSINA,Other,18,11,95,5.4,42.7,1
POVO,Other,8.6,2.3,4.3,2.6,31,11
OLTREFERSINA,Other,3,2,3.1,0.9,2.3,1
GARDOLO,Other,4,2.5,4.9,1.2,2.2,1
OLTREFERSINA,Other,3.5,2,3.1,1,2.9,2
GARDOLO,Other,6,5,19.6,1.8,17.2,1
S.GIUSEPPE-S.CHIARA,Other,6,3,7.1,1.8,4.6,2
CENTRO STORICO PIEDICASTELLO,Other,3.5,1.5,1.8,1,1.3,1
S.GIUSEPPE-S.CHIARA,Other,3.5,2,3.1,1,2.7,1
GARDOLO,Other,4,3,7.1,1.2,3.5,4
OLTREFERSINA,Other,6,4,12.6,1.8,6,1
VILLAZZANO,Other,8.6,2.3,4.3,2.6,31,25
OLTREFERSINA,Aesculus hippocastanum,7.5,4,12.6,2.3,8,1
S.GIUSEPPE-S.CHIARA,Other,16,14,153.9,4.8,40.9,1
S.GIUSEPPE-S.CHIARA,Other,14,15,176.7,4.2,52.8,1
OLTREFERSINA,Other,7,5,19.6,2.1,45.1,4
GARDOLO,Other,4,4,12.6,1.2,2.1,1
CENTRO STORICO PIEDICASTELLO,Other,6,6,28.3,1.8,23,1
CENTRO STORICO PIEDICASTELLO,Other,12,4,12.6,3.6,10.2,1
CENTRO STORICO PIEDICASTELLO,Celtis australis,3,1,0.8,0.9,1.4,1
CENTRO STORICO PIEDICASTELLO,Other,10,3,7.1,3,11.9,1
S.GIUSEPPE-S.CHIARA,Other,6,4,12.6,1.8,7.6,1
S.GIUSEPPE-S.CHIARA,Other,8,12,113.1,2.4,30.4,1
S.GIUSEPPE-S.CHIARA,Aesculus hippocastanum,4.5,3.5,9.6,1.3,7.8,3
BONDONE,Other,15,9,63.6,4.5,39,1
CENTRO STORICO PIEDICASTELLO,Other,13,7,38.5,3.9,49.9,1
S.GIUSEPPE-S.CHIARA,Carpinus betulus,8,8,50.3,2.4,14.8,1
S.GIUSEPPE-S.CHIARA,Aesculus hippocastanum,13,7,38.5,3.9,21.6,1
CENTRO STORICO PIEDICASTELLO,Aesculus hippocastanum,21,15,176.7,6.3,58.8,1
OLTREFERSINA,Other,3,2,3.1,0.9,5.4,1
MEANO,Other,6,2,3.1,1.8,3.5,2
CENTRO STORICO PIEDICASTELLO,Other,9,7,38.5,2.7,0.2,1
CENTRO STORICO PIEDICASTELLO,Other,20,15,176.7,6,27.1,1
CENTRO STORICO PIEDICASTELLO,Other,6,5,19.6,1.8,8,1
OLTREFERSINA,Other,8,3.5,9.6,2.4,6.1,1
CENTRO STORICO PIEDICASTELLO,Other,6,4,12.6,1.8,6.2,2
ARGENTARIO,Other,5,5,19.6,1.5,17.9,2
OLTREFERSINA,Other,6,1,0.8,1.8,5.1,2
CENTRO STORICO PIEDICASTELLO,Aesculus hippocastanum,12,12,113.1,3.6,28,1
CENTRO STORICO PIEDICASTELLO,Other,6,4,12.6,1.8,7.6,1
OLTREFERSINA,Other,3.5,0.5,0.2,1,1,2
CENTRO STORICO PIEDICASTELLO,Other,4,4,12.6,1.2,12.5,1
S.GIUSEPPE-S.CHIARA,Other,6,3,7.1,1.8,2.8,1
CENTRO STORICO PIEDICASTELLO,Other,1.8,5.3,21.7,0.5,28.4,1
GARDOLO,Carpinus betulus,5,3,7.1,1.5,5,1
GARDOLO,Other,4.5,5,19.6,1.3,3.7,1
GARDOLO,Tilia cordata,14,12,113.1,4.2,24.6,1
CENTRO STORICO PIEDICASTELLO,Other,6,3,7.1,1.8,8.6,1
CENTRO STORICO PIEDICASTELLO,Other,9,5,19.6,2.7,14.2,1
MEANO,Other,5,5,19.6,1.5,36.7,1
CENTRO STORICO PIEDICASTELLO,Other,4.5,3,7.1,1.3,3.1,1
OLTREFERSINA,Carpinus betulus,14,4,12.6,4.2,9.199999999999999,1
S.GIUSEPPE-S.CHIARA,Other,25,8,50.3,7.5,54.3,1
CENTRO STORICO PIEDICASTELLO,Other,6,2.5,4.9,1.8,7.1,1
CENTRO STORICO PIEDICASTELLO,Other,4,2,3.1,1.2,3.3,3
OLTREFERSINA,Other,5,4,12.6,1.5,10.8,3
CENTRO STORICO PIEDICASTELLO,Other,9,8,50.3,2.7,16.9,1
MATTARELLO,Other,15,8,50.3,4.5,73.3,7
CENTRO STORICO PIEDICASTELLO,Other,7,3,7.1,2.1,6.7,1
OLTREFERSINA,Other,9,9,63.6,2.7,24.1,1
OLTREFERSINA,Other,4,2,3.1,1.2,7.7,2
OLTREFERSINA,Celtis australis,20,4,12.6,6,3.5,1
OLTREFERSINA,Other,6,6,28.3,1.8,9.5,5
S.GIUSEPPE-S.CHIARA,Other,2,1,0.8,0.6,1.4,3
CENTRO STORICO PIEDICASTELLO,Other,2,1,0.8,0.6,1.9,1
CENTRO STORICO PIEDICASTELLO,Other,6,3,7.1,1.8,10.2,1
CENTRO STORICO PIEDICASTELLO,Other,5,4,12.6,1.5,13.3,1
CENTRO STORICO PIEDICASTELLO,Aesculus hippocastanum,11,11,95,3.3,59.3,1
OLTREFERSINA,Other,6,4,12.6,1.8,3.6,1
VILLAZZANO,Tilia cordata,4.5,2,3.1,1.3,2.2,1
POVO,Other,5,3,7.1,1.5,3.8,2
CENTRO STORICO PIEDICASTELLO,Other,11,7,38.5,3.3,12.8,1
VILLAZZANO,Other,6,4,12.6,1.8,7.5,1
VILLAZZANO,Other,4,1,0.8,1.2,15.8,1
CENTRO STORICO PIEDICASTELLO,Celtis australis,13,12,113.1,3.9,5.1,1
S.GIUSEPPE-S.CHIARA,Other,7,6,28.3,2.1,15.1,1
S.GIUSEPPE-S.CHIARA,Aesculus hippocastanum,8,5,19.6,2.4,8.699999999999999,1
GARDOLO,Celtis australis,5,3,7.1,1.5,1.7,7
CENTRO STORICO PIEDICASTELLO,Platanus x hispanica,4,2,3.1,1.2,4.1,1
OLTREFERSINA,Other,4,2.5,4.9,1.2,7.8,1
CENTRO STORICO PIEDICASTELLO,Other,6,3,7.1,1.8,1.5,1
CENTRO STORICO PIEDICASTELLO,Other,12,10,78.5,3.6,46.8,1
OLTREFERSINA,Other,3,3,7.1,0.9,8.699999999999999,1
OLTREFERSINA,Other,6,13,132.7,1.8,12.6,1
S.GIUSEPPE-S.CHIARA,Other,2,3,7.1,0.6,3.7,1
OLTREFERSINA,Other,22,16,201.1,6.6,75.40000000000001,1
CENTRO STORICO PIEDICASTELLO,Carpinus betulus,3,3,7.1,0.9,10.5,1
CENTRO STORICO PIEDICASTELLO,Other,10,7,38.5,3,15,1
OLTREFERSINA,Carpinus betulus,7,3,7.1,2.1,6.1,4
BONDONE,Other,4,3,7.1,1.2,8.4,5
GARDOLO,Celtis australis,6,4,12.6,1.8,2.1,1
S.GIUSEPPE-S.CHIARA,Celtis australis,15,9,63.6,4.5,4.6,1
CENTRO STORICO PIEDICASTELLO,Platanus x hispanica,4,1.5,1.8,1.2,2.5,1
CENTRO STORICO PIEDICASTELLO,Other,13,5,19.6,3.9,16.2,1
S.GIUSEPPE-S.CHIARA,Other,13,10,78.5,3.9,24.5,2
S.GIUSEPPE-S.CHIARA,Other,3,2.5,4.9,0.9,5.6,1
S.GIUSEPPE-S.CHIARA,Other,4.5,3,7.1,1.3,6.1,1
OLTREFERSINA,Other,3,1,0.8,0.9,2.3,13
VILLAZZANO,Carpinus betulus,15,4,12.6,4.5,10.5,1
CENTRO STORICO PIEDICASTELLO,Other,6.3,4.1,13.2,1.9,7.1,2
CENTRO STORICO PIEDICASTELLO,Other,6,3.9,12,1.8,11,1
CENTRO STORICO PIEDICASTELLO,Other,15,10,78.5,4.5,21.6,1
CENTRO STORICO PIEDICASTELLO,Other,16,9,63.6,4.8,24.2,1
CENTRO STORICO PIEDICASTELLO,Other,4,2,3.1,1.2,2.8,14
GARDOLO,Other,6,8,50.3,1.8,23.9,1
OLTREFERSINA,Celtis australis,5,3,7.1,1.5,1.7,2
CENTRO STORICO PIEDICASTELLO,Other,9,15,176.7,2.7,29,1
CENTRO STORICO PIEDICASTELLO,Tilia cordata,6,4,12.6,1.8,5.1,2
OLTREFERSINA,Celtis australis,5,3,7.1,1.5,2.1,1
OLTREFERSINA,Other,6,4,12.6,1.8,10,1
S.GIUSEPPE-S.CHIARA,Other,3.5,1.5,1.8,1,3.2,2
S.GIUSEPPE-S.CHIARA,Aesculus hippocastanum,6,7,38.5,1.8,16.5,1
RAVINA-ROMAGNANO,Other,6,3,7.1,1.8,23.1,1
CENTRO STORICO PIEDICASTELLO,Other,12,12,113.1,3.6,117.2,1
S.GIUSEPPE-S.CHIARA,Aesculus hippocastanum,12,7,38.5,3.6,26.1,1
CENTRO STORICO PIEDICASTELLO,Other,10.8,5.4,22.6,3.2,24,1
S.GIUSEPPE-S.CHIARA,Other,4,5,19.6,1.2,5.9,1
S.GIUSEPPE-S.CHIARA,Tilia cordata,4,2.5,4.9,1.2,2.6,1
S.GIUSEPPE-S.CHIARA,Other,15,12,113.1,4.5,97.5,1
VILLAZZANO,Celtis australis,8,7,38.5,2.4,4.9,1
ARGENTARIO,Other,6,4,12.6,1.8,20.1,2
OLTREFERSINA,Other,7,8,50.3,2.1,15.6,1
OLTREFERSINA,Tilia cordata,8,6,28.3,2.4,7.5,1
CENTRO STORICO PIEDICASTELLO,Celtis australis,7,9,63.6,2.1,3.4,1
OLTREFERSINA,Other,6,6,28.3,1.8,16.2,1
GARDOLO,Other,6,6,28.3,1.8,3.9,9
GARDOLO,Other,4,6,28.3,1.2,18.8,2
MEANO,Other,5,5,19.6,1.5,22.9,1
CENTRO STORICO PIEDICASTELLO,Other,12,14,153.9,3.6,32.2,1
GARDOLO,Other,6,6,28.3,1.8,3.8,1
VILLAZZANO,Other,13,8,50.3,3.9,11.3,1
S.GIUSEPPE-S.CHIARA,Other,2,1,0.8,0.6,1.2,3
OLTREFERSINA,Other,7,4.5,15.9,2.1,14.6,1
CENTRO STORICO PIEDICASTELLO,Other,7,4,12.6,2.1,13.7,1
CENTRO STORICO PIEDICASTELLO,Other,16,9,63.6,4.8,11.1,1
OLTREFERSINA,Celtis australis,6,4,12.6,1.8,2.6,2
CENTRO STORICO PIEDICASTELLO,Other,7,7,38.5,2.1,20.1,1
GARDOLO,Celtis australis,5,2.5,4.9,1.5,1.5,2
GARDOLO,Tilia cordata,4.5,4,12.6,1.3,4.2,1
GARDOLO,Other,4,1.5,1.8,1.2,0.7,2
OLTREFERSINA,Other,10,8,50.3,3,7.4,1
OLTREFERSINA,Other,16,12,113.1,4.8,45,1
GARDOLO,Platanus x hispanica,8,7,38.5,2.4,9.4,1
OLTREFERSINA,Other,1.5,5.3,21.7,0.5,36.8,1
OLTREFERSINA,Other,18.1,7.2,40.4,5.4,128.5,1
S.GIUSEPPE-S.CHIARA,Other,7,5,19.6,2.1,16,2
CENTRO STORICO PIEDICASTELLO,Other,18,8,50.3,5.4,81.09999999999999,1
OLTREFERSINA,Other,2,1,0.8,0.6,2.1,1
CENTRO STORICO PIEDICASTELLO,Other,10,11,95,3,39.4,1
RAVINA-ROMAGNANO,Tilia cordata,7,6,28.3,2.1,7,3
GARDOLO,Celtis australis,6,4,12.6,1.8,2,1
S.GIUSEPPE-S.CHIARA,Other,2,1,0.8,0.6,1.6,4
CENTRO STORICO PIEDICASTELLO,Other,15,12,113.1,4.5,27.9,1
OLTREFERSINA,Other,16,8,50.3,4.8,40.7,1
OLTREFERSINA,Other,10.4,6,28.2,3.1,7,1
GARDOLO,Tilia cordata,5,3,7.1,1.5,4.2,1
CENTRO STORICO PIEDICASTELLO,Other,11,6,28.3,3.3,42.2,1
CENTRO STORICO PIEDICASTELLO,Aesculus hippocastanum,10,14,153.9,3,46.9,1
CENTRO STORICO PIEDICASTELLO,Other,10,6,28.3,3,17.5,1
CENTRO STORICO PIEDICASTELLO,Other,4,1,0.8,1.2,3.3,1
VILLAZZANO,Carpinus betulus,15,4,12.6,4.5,14.1,1
CENTRO STORICO PIEDICASTELLO,Other,20,6.5,33.2,6,64.90000000000001,1
CENTRO STORICO PIEDICASTELLO,Aesculus hippocastanum,9,11,95,2.7,37.8,2
CENTRO STORICO PIEDICASTELLO,Other,18,12,113.1,5.4,23.2,1
RAVINA-ROMAGNANO,Other,13,6,28.3,3.9,46.1,1
RAVINA-ROMAGNANO,Other,4,4,12.6,1.2,7.9,4
CENTRO STORICO PIEDICASTELLO,Other,11,4,12.6,3.3,13.6,1
VILLAZZANO,Other,6,3,7.1,1.8,4.3,2
S.GIUSEPPE-S.CHIARA,Aesculus hippocastanum,10,6,28.3,3,50.5,1
CENTRO STORICO PIEDICASTELLO,Aesculus hippocastanum,11,7,38.5,3.3,59.3,1
CENTRO STORICO PIEDICASTELLO,Other,9,7,38.5,2.7,6.5,1
S.GIUSEPPE-S.CHIARA,Other,4,2.5,4.9,1.2,4.5,1
S.GIUSEPPE-S.CHIARA,Other,4,2.5,4.9,1.2,2.6,6
S.GIUSEPPE-S.CHIARA,Platanus x hispanica,24,19,283.5,7.2,1.8,1
S.GIUSEPPE-S.CHIARA,Other,18,11,95,5.4,48.8,1
OLTREFERSINA,Other,8,5.3,21.7,2.4,23.9,1
VILLAZZANO,Carpinus betulus,4,1.5,1.8,1.2,3,1
GARDOLO,Platanus x hispanica,7,7,38.5,2.1,9.4,2
S.GIUSEPPE-S.CHIARA,Aesculus hippocastanum,12.5,12,113.1,3.8,57.1,1
CENTRO STORICO PIEDICASTELLO,Platanus x hispanica,22,18,254.5,6.6,82.59999999999999,1
OLTREFERSINA,Other,17,6,28.3,5.1,34.7,1
GARDOLO,Other,9,4,12.6,2.7,24.7,1
S.GIUSEPPE-S.CHIARA,Other,4,2.5,4.9,1.2,9.699999999999999,1
CENTRO STORICO PIEDICASTELLO,Other,12,7,38.5,3.6,28.3,1
ARGENTARIO,Other,5,5,19.6,1.5,38.2,1
GARDOLO,Celtis australis,7,5,19.6,2.1,2.3,1
GARDOLO,Other,9,6,28.3,2.7,41.4,1
CENTRO STORICO PIEDICASTELLO,Other,24,15,176.7,7.2,97.2,1
CENTRO STORICO PIEDICASTELLO,Other,12,12,113.1,3.6,22.2,1
GARDOLO,Carpinus betulus,4.5,3,7.1,1.3,5.6,3
GARDOLO,Platanus x hispanica,17,12,113.1,5.1,48.2,1
S.GIUSEPPE-S.CHIARA,Other,3,4.5,15.9,0.9,7.7,1
S.GIUSEPPE-S.CHIARA,Other,2.5,1,0.8,0.8,2.6,1
ARGENTARIO,Other,6,4,12.6,1.8,24.7,1
OLTREFERSINA,Celtis australis,13,10,78.5,3.9,5.1,1
CENTRO STORICO PIEDICASTELLO,Celtis australis,8,12,113.1,2.4,5.1,1
S.GIUSEPPE-S.CHIARA,Other,4,4,12.6,1.2,1.4,1
GARDOLO,Other,6,6,28.3,1.8,5.2,1
S.GIUSEPPE-S.CHIARA,Aesculus hippocastanum,10,10,78.5,3,52.9,2
S.GIUSEPPE-S.CHIARA,Aesculus hippocastanum,7,5,19.6,2.1,10.6,1
OLTREFERSINA,Celtis australis,15,4,12.6,4.5,2.6,1
VILLAZZANO,Carpinus betulus,8,6,28.3,2.4,14.8,1
CENTRO STORICO PIEDICASTELLO,Platanus x hispanica,11,10,78.5,3.3,34.8,1
CENTRO STORICO PIEDICASTELLO,Other,9,6,28.3,2.7,26,1
VILLAZZANO,Other,1.9,0.4,0.1,0.6,8.699999999999999,2
S.GIUSEPPE-S.CHIARA,Other,5,4,12.6,1.5,3.9,1
S.GIUSEPPE-S.CHIARA,Celtis australis,16,4,12.6,4.8,4.3,1
BONDONE,Other,3,4,12.6,0.9,4.3,3
OLTREFERSINA,Other,21,14,153.9,6.3,50.1,1
S.GIUSEPPE-S.CHIARA,Other,9,5,19.6,2.7,28.8,1
GARDOLO,Other,5,5,19.6,1.5,4.4,2
OLTREFERSINA,Other,4,4,12.6,1.2,8.1,1
MEANO,Other,6,4,12.6,1.8,11.9,1
CENTRO STORICO PIEDICASTELLO,Other,13,10,78.5,3.9,14.4,1
CENTRO STORICO PIEDICASTELLO,Carpinus betulus,6,3,7.1,1.8,11.9,1
GARDOLO,Other,6,6,28.3,1.8,1.3,1
OLTREFERSINA,Other,18,11,95,5.4,49.4,2
OLTREFERSINA,Other,6,6,28.3,1.8,10.8,1
S.GIUSEPPE-S.CHIARA,Other,3,2,3.1,0.9,6,1
S.GIUSEPPE-S.CHIARA,Other,5,6,28.3,1.5,6.4,2
OLTREFERSINA,Other,8,3,7.1,2.4,6.8,1
OLTREFERSINA,Platanus x hispanica,8,5,19.6,2.4,21.8,1
CENTRO STORICO PIEDICASTELLO,Other,3.5,2,3.1,1,2.4,1
CENTRO STORICO PIEDICASTELLO,Other,3.5,1,0.8,1,2.1,6
CENTRO STORICO PIEDICASTELLO,Other,4,4,12.6,1.2,11.6,3
GARDOLO,Platanus x hispanica,6,5,19.6,1.8,7.2,2
OLTREFERSINA,Other,8,4,12.6,2.4,5.6,2
CENTRO STORICO PIEDICASTELLO,Other,4,3,7.1,1.2,8.6,1
CENTRO STORICO PIEDICASTELLO,Platanus x hispanica,10.5,8,50.3,3.2,18.8,1
OLTREFERSINA,Celtis australis,9,7,38.5,2.7,3.2,5
OLTREFERSINA,Carpinus betulus,6,5,19.6,1.8,6.1,1
CENTRO STORICO PIEDICASTELLO,Other,17.2,8.4,55.4,5.2,23.1,2
MEANO,Other,5,2,3.1,1.5,4.4,1
OLTREFERSINA,Other,7,5,19.6,2.1,20.2,1
RAVINA-ROMAGNANO,Other,6,7,38.5,1.8,6.5,1
CENTRO STORICO PIEDICASTELLO,Other,9,8,50.3,2.7,21.9,1
VILLAZZANO,Other,6,3,7.1,1.8,8.9,1
S.GIUSEPPE-S.CHIARA,Other,6,6,28.3,1.8,5.7,1
ARGENTARIO,Other,7,4,12.6,2.1,5.9,4
OLTREFERSINA,Other,14,10,78.5,4.2,29.2,1
CENTRO STORICO PIEDICASTELLO,Carpinus betulus,5,2,3.1,1.5,7.9,1
ARGENTARIO,Other,11,4,12.6,3.3,7.8,1
CENTRO STORICO PIEDICASTELLO,Other,21,6,28.3,6.3,53.2,1
S.GIUSEPPE-S.CHIARA,Aesculus hippocastanum,9,6,28.3,2.7,46.7,1
OLTREFERSINA,Other,20,5,19.6,6,15.7,1
CENTRO STORICO PIEDICASTELLO,Carpinus betulus,8,5,19.6,2.4,1.3,1
S.GIUSEPPE-S.CHIARA,Aesculus hippocastanum,6,6,28.3,1.8,16.5,2
OLTREFERSINA,Aesculus hippocastanum,9,5,19.6,2.7,16.1,1
MATTARELLO,Celtis australis,4,5,19.6,1.2,3.2,1
S.GIUSEPPE-S.CHIARA,Other,12,8,50.3,3.6,10.9,2
GARDOLO,Other,4,1.5,1.8,1.2,2.2,1
CENTRO STORICO PIEDICASTELLO,Other,5,2,3.1,1.5,5.4,3
S.GIUSEPPE-S.CHIARA,Other,6,3.5,9.6,1.8,11.6,1
GARDOLO,Celtis australis,4,4,12.6,1.2,2,2
CENTRO STORICO PIEDICASTELLO,Other,4,4,12.6,1.2,10.4,1
CENTRO STORICO PIEDICASTELLO,Other,16,6,28.3,4.8,33.1,1
S.GIUSEPPE-S.CHIARA,Aesculus hippocastanum,12,6,28.3,3.6,6.6,1
S.GIUSEPPE-S.CHIARA,Other,14,6,28.3,4.2,23,1
CENTRO STORICO PIEDICASTELLO,Other,7.5,7.5,44.2,2.3,23.3,1
OLTREFERSINA,Other,19,7,38.5,5.7,81.09999999999999,1
OLTREFERSINA,Other,10,6,28.3,3,22.9,1
CENTRO STORICO PIEDICASTELLO,Other,8,1.5,1.8,2.4,1.5,1
MEANO,Other,10,6,28.3,3,3,1
GARDOLO,Other,6,8,50.3,1.8,13.4,1
CENTRO STORICO PIEDICASTELLO,Carpinus betulus,8,4,12.6,2.4,11,1
S.GIUSEPPE-S.CHIARA,Other,5,5,19.6,1.5,9.4,1
OLTREFERSINA,Other,12,5,19.6,3.6,21.6,1
S.GIUSEPPE-S.CHIARA,Other,4,3.5,9.6,1.2,10,1
CENTRO STORICO PIEDICASTELLO,Carpinus betulus,3,1,0.8,0.9,3,1
S.GIUSEPPE-S.CHIARA,Aesculus hippocastanum,14,10,78.5,4.2,66.3,1
CENTRO STORICO PIEDICASTELLO,Other,17,6,28.3,5.1,51.5,1
S.GIUSEPPE-S.CHIARA,Other,25,6,28.3,7.5,51.1,1
OLTREFERSINA,Celtis australis,6,12,113.1,1.8,4,2
CENTRO STORICO PIEDICASTELLO,Other,6,3,7.1,1.8,4.3,1
S.GIUSEPPE-S.CHIARA,Aesculus hippocastanum,14,12,113.1,4.2,66.3,1
ARGENTARIO,Other,3,2,3.1,0.9,11.1,1
GARDOLO,Other,8,11,95,2.4,22.5,1
OLTREFERSINA,Other,4,2,3.1,1.2,3.3,1
POVO,Other,4,3,7.1,1.2,11,1
OLTREFERSINA,Other,4,4,12.6,1.2,4.6,1
S.GIUSEPPE-S.CHIARA,Other,7,4,12.6,2.1,9,5
S.GIUSEPPE-S.CHIARA,Other,6,3,7.1,1.8,2.3,3
MATTARELLO,Other,5,3,7.1,1.5,7.8,2
S.GIUSEPPE-S.CHIARA,Other,8,8,50.3,2.4,24,1
CENTRO STORICO PIEDICASTELLO,Other,13,6,28.3,3.9,21.3,1
S.GIUSEPPE-S.CHIARA,Aesculus hippocastanum,12,10,78.5,3.6,58.2,1
GARDOLO,Celtis australis,4,4,12.6,1.2,1.8,2
GARDOLO,Tilia cordata,6,6,28.3,1.8,14.8,1
S.GIUSEPPE-S.CHIARA,Other,5.5,5,19.6,1.7,10.7,1
GARDOLO,Other,8,4,12.6,2.4,27,1
CENTRO STORICO PIEDICASTELLO,Platanus x hispanica,20,17,227,6,21.7,1
S.GIUSEPPE-S.CHIARA,Aesculus hippocastanum,5.5,7,38.5,1.7,10.5,1
S.GIUSEPPE-S.CHIARA,Other,10,12,113.1,3,42.6,1
CENTRO STORICO PIEDICASTELLO,Other,8,4,12.6,2.4,6.7,1
CENTRO STORICO PIEDICASTELLO,Other,3.5,1,0.8,1,3,1
CENTRO STORICO PIEDICASTELLO,Other,6,2,3.1,1.8,5,1
CENTRO STORICO PIEDICASTELLO,Other,23,20,314.2,6.9,97.3,1
S.GIUSEPPE-S.CHIARA,Other,6,5,19.6,1.8,14.3,1
S.GIUSEPPE-S.CHIARA,Other,10,8,50.3,3,24.2,1
CENTRO STORICO PIEDICASTELLO,Other,11,4,12.6,3.3,21.5,1
CENTRO STORICO PIEDICASTELLO,Carpinus betulus,3,2,3.1,0.9,6.7,5
S.GIUSEPPE-S.CHIARA,Other,8,6,28.3,2.4,12.7,2
CENTRO STORICO PIEDICASTELLO,Other,14,12,113.1,4.2,45.1,1
S.GIUSEPPE-S.CHIARA,Other,14,5,19.6,4.2,16.3,1
CENTRO STORICO PIEDICASTELLO,Other,5,6,28.3,1.5,8.800000000000001,1
POVO,Other,5,4,12.6,1.5,6.8,2
S.GIUSEPPE-S.CHIARA,Other,3.5,2,3.1,1,3.2,1
OLTREFERSINA,Celtis australis,6,5,19.6,1.8,3,2
OLTREFERSINA,Other,6,3,7.1,1.8,9.699999999999999,1
S.GIUSEPPE-S.CHIARA,Other,21,14,153.9,6.3,89.90000000000001,1
OLTREFERSINA,Celtis australis,9,5,19.6,2.7,2.6,1
OLTREFERSINA,Other,4,3,7.1,1.2,2.7,7
CENTRO STORICO PIEDICASTELLO,Celtis australis,15,12,113.1,4.5,5.1,3
S.GIUSEPPE-S.CHIARA,Other,11,6,28.3,3.3,9.699999999999999,1
S.GIUSEPPE-S.CHIARA,Other,15,12,113.1,4.5,51.7,4
OLTREFERSINA,Other,4.5,5,19.6,1.3,7.3,1
CENTRO STORICO PIEDICASTELLO,Other,7,5,19.6,2.1,16.2,1
GARDOLO,Other,6,4,12.6,1.8,1.9,3
S.GIUSEPPE-S.CHIARA,Other,4,2.5,4.9,1.2,3.3,1
S.GIUSEPPE-S.CHIARA,Other,1.7,2,3.1,0.5,19.8,1
S.GIUSEPPE-S.CHIARA,Other,12,8,50.3,3.6,31,1
S.GIUSEPPE-S.CHIARA,Other,12,8,50.3,3.6,97.5,1
CENTRO STORICO PIEDICASTELLO,Other,6,4,12.6,1.8,5.4,1
GARDOLO,Other,6,5,19.6,1.8,2.1,2
VILLAZZANO,Other,18,3,7.1,5.4,12.7,2
S.GIUSEPPE-S.CHIARA,Other,4,3.5,9.6,1.2,8.5,1
CENTRO STORICO PIEDICASTELLO,Other,4.8,2.4,4.6,1.4,6.8,1
OLTREFERSINA,Other,8,4.5,15.9,2.4,16.1,1
S.GIUSEPPE-S.CHIARA,Aesculus hippocastanum,14,9,63.6,4.2,47.7,1
CENTRO STORICO PIEDICASTELLO,Celtis australis,6,6,28.3,1.8,2.6,2
CENTRO STORICO PIEDICASTELLO,Other,14,6.5,33.2,4.2,21,1
CENTRO STORICO PIEDICASTELLO,Other,9,6,28.3,2.7,19.3,1
S.GIUSEPPE-S.CHIARA,Other,3,5.3,21.7,0.9,24.5,13
CENTRO STORICO PIEDICASTELLO,Other,8,15,176.7,2.4,46.2,2
OLTREFERSINA,Other,12,10,78.5,3.6,45.7,1
OLTREFERSINA,Other,2.5,5.3,21.7,0.8,28.4,3
CENTRO STORICO PIEDICASTELLO,Other,6,7,38.5,1.8,6.4,2
GARDOLO,Celtis australis,8,8,50.3,2.4,2.6,1
S.GIUSEPPE-S.CHIARA,Other,11,6,28.3,3.3,12.6,1
CENTRO STORICO PIEDICASTELLO,Celtis australis,15,11.5,103.9,4.5,5.5,1
OLTREFERSINA,Other,6,3,7.1,1.8,4.6,1
S.GIUSEPPE-S.CHIARA,Other,6,4,12.6,1.8,5.7,4
S.GIUSEPPE-S.CHIARA,Celtis australis,15,8,50.3,4.5,3.5,1
OLTREFERSINA,Other,4,3,7.1,1.2,4,1
OLTREFERSINA,Celtis australis,12.5,11,95,3.8,4.8,1
OLTREFERSINA,Other,4,3.5,9.6,1.2,10.8,1
S.GIUSEPPE-S.CHIARA,Other,10,10,78.5,3,9.300000000000001,1
S.GIUSEPPE-S.CHIARA,Aesculus hippocastanum,5,4,12.6,1.5,8.4,2
CENTRO STORICO PIEDICASTELLO,Other,4,2.5,4.9,1.2,3.6,1
S.GIUSEPPE-S.CHIARA,Other,5,1.5,1.8,1.5,2.1,1
CENTRO STORICO PIEDICASTELLO,Platanus x hispanica,18,10,78.5,5.4,82.59999999999999,1
CENTRO STORICO PIEDICASTELLO,Other,3,3,7.1,0.9,3.1,1
S.GIUSEPPE-S.CHIARA,Other,6,2,3.1,1.8,5.2,1
SARDAGNA,Other,6,4,12.6,1.8,3.2,2
GARDOLO,Tilia cordata,4.5,4,12.6,1.3,4.7,1
OLTREFERSINA,Other,12,16,201.1,3.6,33.9,1
OLTREFERSINA,Other,6,4,12.6,1.8,9.1,1
S.GIUSEPPE-S.CHIARA,Other,10,12,113.1,3,61.8,1
CENTRO STORICO PIEDICASTELLO,Other,5,2,3.1,1.5,5.6,2
MEANO,Celtis australis,14,7,38.5,4.2,5.5,2
VILLAZZANO,Celtis australis,4.5,5,19.6,1.3,2.6,1
CENTRO STORICO PIEDICASTELLO,Other,5,6,28.3,1.5,6.1,1
CENTRO STORICO PIEDICASTELLO,Other,14,12,113.1,4.2,32.2,1
OLTREFERSINA,Other,5,2.5,4.9,1.5,4.9,1
S.GIUSEPPE-S.CHIARA,Other,5,6,28.3,1.5,24.2,1
MATTARELLO,Celtis australis,5,2,3.1,1.5,2.3,1
S.GIUSEPPE-S.CHIARA,Other,16,16,201.1,4.8,51.7,1
